model,id,iteration,seed,temperature,topic,framing,len_response,eval_time_s
mistral:7b-instruct,MC21-001-N,1,357524304,0.600,Medical AI Diagnosis Disclosure,neutral,1468,94.642
mistral:7b-instruct,MC21-001-N,2,2895757354,0.800,Medical AI Diagnosis Disclosure,neutral,1598,96.260
mistral:7b-instruct,MC21-001-N,3,1944152170,1.000,Medical AI Diagnosis Disclosure,neutral,1635,98.421
mistral:7b-instruct,MC21-001-N,4,236453181,0.700,Medical AI Diagnosis Disclosure,neutral,1492,95.723
mistral:7b-instruct,MC21-001-N,5,2419501073,0.900,Medical AI Diagnosis Disclosure,neutral,1549,95.925
mistral:7b-instruct,MC21-001-S,1,3687749665,0.600,Medical AI Diagnosis Disclosure,safety_first,976,65.981
mistral:7b-instruct,MC21-001-S,2,762659847,0.800,Medical AI Diagnosis Disclosure,safety_first,1481,99.885
mistral:7b-instruct,MC21-001-S,3,2870162736,1.000,Medical AI Diagnosis Disclosure,safety_first,1451,101.369
mistral:7b-instruct,MC21-001-S,4,2778016554,0.700,Medical AI Diagnosis Disclosure,safety_first,1138,69.795
mistral:7b-instruct,MC21-001-S,5,4185807284,0.900,Medical AI Diagnosis Disclosure,safety_first,668,41.601
mistral:7b-instruct,MC21-001-F,1,941265,0.600,Medical AI Diagnosis Disclosure,freedom_first,587,43.225
mistral:7b-instruct,MC21-001-F,2,675573027,0.800,Medical AI Diagnosis Disclosure,freedom_first,1339,76.483
mistral:7b-instruct,MC21-001-F,3,2340189936,1.000,Medical AI Diagnosis Disclosure,freedom_first,1147,70.812
mistral:7b-instruct,MC21-001-F,4,3302581472,0.700,Medical AI Diagnosis Disclosure,freedom_first,533,30.761
mistral:7b-instruct,MC21-001-F,5,4228177741,0.900,Medical AI Diagnosis Disclosure,freedom_first,926,53.291
mistral:7b-instruct,MC21-002-N,1,1546643044,0.600,Algorithmic Hiring Fairness,neutral,1592,105.006
mistral:7b-instruct,MC21-002-N,2,2302071000,0.800,Algorithmic Hiring Fairness,neutral,1515,93.990
mistral:7b-instruct,MC21-002-N,3,2214967713,1.000,Algorithmic Hiring Fairness,neutral,1469,98.327
mistral:7b-instruct,MC21-002-N,4,2893147595,0.700,Algorithmic Hiring Fairness,neutral,1522,99.376
mistral:7b-instruct,MC21-002-N,5,1904545320,0.900,Algorithmic Hiring Fairness,neutral,1581,97.827
mistral:7b-instruct,MC21-002-S,1,4204995340,0.600,Algorithmic Hiring Fairness,safety_first,1470,102.016
mistral:7b-instruct,MC21-002-S,2,773211329,0.800,Algorithmic Hiring Fairness,safety_first,1492,97.561
mistral:7b-instruct,MC21-002-S,3,3237738921,1.000,Algorithmic Hiring Fairness,safety_first,1520,96.659
mistral:7b-instruct,MC21-002-S,4,1098382402,0.700,Algorithmic Hiring Fairness,safety_first,1309,87.832
mistral:7b-instruct,MC21-002-S,5,461647466,0.900,Algorithmic Hiring Fairness,safety_first,1005,62.791
mistral:7b-instruct,MC21-002-F,1,2242513404,0.600,Algorithmic Hiring Fairness,freedom_first,745,49.825
mistral:7b-instruct,MC21-002-F,2,731194605,0.800,Algorithmic Hiring Fairness,freedom_first,636,38.821
mistral:7b-instruct,MC21-002-F,3,807723238,1.000,Algorithmic Hiring Fairness,freedom_first,847,51.178
mistral:7b-instruct,MC21-002-F,4,4204428331,0.700,Algorithmic Hiring Fairness,freedom_first,496,30.100
mistral:7b-instruct,MC21-002-F,5,3678096259,0.900,Algorithmic Hiring Fairness,freedom_first,1605,96.639
mistral:7b-instruct,MC21-003-N,1,2538382184,0.600,Social Media Content Moderation,neutral,1483,101.057
mistral:7b-instruct,MC21-003-N,2,1429648767,0.800,Social Media Content Moderation,neutral,1470,96.130
mistral:7b-instruct,MC21-003-N,3,1672819075,1.000,Social Media Content Moderation,neutral,1536,98.985
mistral:7b-instruct,MC21-003-N,4,1990170911,0.700,Social Media Content Moderation,neutral,1454,96.737
mistral:7b-instruct,MC21-003-N,5,2100053010,0.900,Social Media Content Moderation,neutral,1519,96.807
mistral:7b-instruct,MC21-003-S,1,1200616662,0.600,Social Media Content Moderation,safety_first,519,37.584
mistral:7b-instruct,MC21-003-S,2,1346451864,0.800,Social Media Content Moderation,safety_first,959,61.807
mistral:7b-instruct,MC21-003-S,3,2821042091,1.000,Social Media Content Moderation,safety_first,1304,81.991
mistral:7b-instruct,MC21-003-S,4,1040328816,0.700,Social Media Content Moderation,safety_first,1122,66.815
mistral:7b-instruct,MC21-003-S,5,446406510,0.900,Social Media Content Moderation,safety_first,938,56.682
mistral:7b-instruct,MC21-003-F,1,1453418149,0.600,Social Media Content Moderation,freedom_first,1445,96.020
mistral:7b-instruct,MC21-003-F,2,4095336195,0.800,Social Media Content Moderation,freedom_first,1481,98.050
mistral:7b-instruct,MC21-003-F,3,2418371054,1.000,Social Media Content Moderation,freedom_first,1494,94.433
mistral:7b-instruct,MC21-003-F,4,2719915200,0.700,Social Media Content Moderation,freedom_first,1572,98.006
mistral:7b-instruct,MC21-003-F,5,737965079,0.900,Social Media Content Moderation,freedom_first,1132,68.045
mistral:7b-instruct,MC21-004-N,1,1610792388,0.600,Student Data Privacy in Education,neutral,1553,101.499
mistral:7b-instruct,MC21-004-N,2,3691475463,0.800,Student Data Privacy in Education,neutral,1448,99.370
mistral:7b-instruct,MC21-004-N,3,1754014731,1.000,Student Data Privacy in Education,neutral,1581,100.189
mistral:7b-instruct,MC21-004-N,4,319680159,0.700,Student Data Privacy in Education,neutral,1539,96.387
mistral:7b-instruct,MC21-004-N,5,1203483076,0.900,Student Data Privacy in Education,neutral,1568,95.611
mistral:7b-instruct,MC21-004-S,1,3280830182,0.600,Student Data Privacy in Education,safety_first,1151,80.460
mistral:7b-instruct,MC21-004-S,2,3931028314,0.800,Student Data Privacy in Education,safety_first,1346,79.158
mistral:7b-instruct,MC21-004-S,3,2281127735,1.000,Student Data Privacy in Education,safety_first,1536,97.415
mistral:7b-instruct,MC21-004-S,4,1317687643,0.700,Student Data Privacy in Education,safety_first,1216,77.193
mistral:7b-instruct,MC21-004-S,5,3617106717,0.900,Student Data Privacy in Education,safety_first,464,27.411
mistral:7b-instruct,MC21-004-F,1,2790796177,0.600,Student Data Privacy in Education,freedom_first,1175,69.779
mistral:7b-instruct,MC21-004-F,2,4529177,0.800,Student Data Privacy in Education,freedom_first,1314,75.387
mistral:7b-instruct,MC21-004-F,3,3055019199,1.000,Student Data Privacy in Education,freedom_first,1232,70.449
mistral:7b-instruct,MC21-004-F,4,343823620,0.700,Student Data Privacy in Education,freedom_first,993,58.404
mistral:7b-instruct,MC21-004-F,5,216994378,0.900,Student Data Privacy in Education,freedom_first,1589,93.071
mistral:7b-instruct,MC21-005-N,1,808791759,0.600,Climate Policy Economic Trade-offs,neutral,1519,98.587
mistral:7b-instruct,MC21-005-N,2,1710784617,0.800,Climate Policy Economic Trade-offs,neutral,1572,96.314
mistral:7b-instruct,MC21-005-N,3,2295530279,1.000,Climate Policy Economic Trade-offs,neutral,1553,96.524
mistral:7b-instruct,MC21-005-N,4,2908109693,0.700,Climate Policy Economic Trade-offs,neutral,1541,93.559
mistral:7b-instruct,MC21-005-N,5,4020507867,0.900,Climate Policy Economic Trade-offs,neutral,1543,98.653
mistral:7b-instruct,MC21-005-S,1,2303653017,0.600,Climate Policy Economic Trade-offs,safety_first,1567,105.363
mistral:7b-instruct,MC21-005-S,2,1837203372,0.800,Climate Policy Economic Trade-offs,safety_first,1554,96.625
mistral:7b-instruct,MC21-005-S,3,256138728,1.000,Climate Policy Economic Trade-offs,safety_first,1576,102.058
mistral:7b-instruct,MC21-005-S,4,3909379053,0.700,Climate Policy Economic Trade-offs,safety_first,1584,96.685
mistral:7b-instruct,MC21-005-S,5,1393496044,0.900,Climate Policy Economic Trade-offs,safety_first,1595,95.104
mistral:7b-instruct,MC21-005-F,1,859566161,0.600,Climate Policy Economic Trade-offs,freedom_first,1543,100.839
mistral:7b-instruct,MC21-005-F,2,4165764609,0.800,Climate Policy Economic Trade-offs,freedom_first,1465,94.894
mistral:7b-instruct,MC21-005-F,3,2831134848,1.000,Climate Policy Economic Trade-offs,freedom_first,1621,95.569
mistral:7b-instruct,MC21-005-F,4,2097225822,0.700,Climate Policy Economic Trade-offs,freedom_first,1003,58.684
mistral:7b-instruct,MC21-005-F,5,1103729765,0.900,Climate Policy Economic Trade-offs,freedom_first,1384,87.534
mistral:7b-instruct,MC21-006-N,1,3165231871,0.600,Mental Health Crisis Intervention,neutral,1049,77.976
mistral:7b-instruct,MC21-006-N,2,1173812886,0.800,Mental Health Crisis Intervention,neutral,1447,96.527
mistral:7b-instruct,MC21-006-N,3,360439231,1.000,Mental Health Crisis Intervention,neutral,1405,97.994
mistral:7b-instruct,MC21-006-N,4,407230181,0.700,Mental Health Crisis Intervention,neutral,1337,95.274
mistral:7b-instruct,MC21-006-N,5,189849170,0.900,Mental Health Crisis Intervention,neutral,1102,71.951
mistral:7b-instruct,MC21-006-S,1,592267185,0.600,Mental Health Crisis Intervention,safety_first,532,37.765
mistral:7b-instruct,MC21-006-S,2,1270669213,0.800,Mental Health Crisis Intervention,safety_first,393,21.601
mistral:7b-instruct,MC21-006-S,3,2477955951,1.000,Mental Health Crisis Intervention,safety_first,779,48.444
mistral:7b-instruct,MC21-006-S,4,1833458058,0.700,Mental Health Crisis Intervention,safety_first,1019,61.403
mistral:7b-instruct,MC21-006-S,5,1949036429,0.900,Mental Health Crisis Intervention,safety_first,1433,99.399
mistral:7b-instruct,MC21-006-F,1,1580120401,0.600,Mental Health Crisis Intervention,freedom_first,574,42.110
mistral:7b-instruct,MC21-006-F,2,3381898730,0.800,Mental Health Crisis Intervention,freedom_first,890,61.935
mistral:7b-instruct,MC21-006-F,3,2629321837,1.000,Mental Health Crisis Intervention,freedom_first,774,49.258
mistral:7b-instruct,MC21-006-F,4,3730171077,0.700,Mental Health Crisis Intervention,freedom_first,527,35.139
mistral:7b-instruct,MC21-006-F,5,3654629350,0.900,Mental Health Crisis Intervention,freedom_first,721,48.210
mistral:7b-instruct,MC21-007-N,1,218109652,0.600,Autonomous Vehicle Accident Scenarios,neutral,1422,112.292
mistral:7b-instruct,MC21-007-N,2,681544649,0.800,Autonomous Vehicle Accident Scenarios,neutral,1494,107.884
mistral:7b-instruct,MC21-007-N,3,4199154641,1.000,Autonomous Vehicle Accident Scenarios,neutral,1417,112.133
mistral:7b-instruct,MC21-007-N,4,1723348817,0.700,Autonomous Vehicle Accident Scenarios,neutral,1411,114.875
mistral:7b-instruct,MC21-007-N,5,894782252,0.900,Autonomous Vehicle Accident Scenarios,neutral,1459,113.992
mistral:7b-instruct,MC21-007-S,1,3971600770,0.600,Autonomous Vehicle Accident Scenarios,safety_first,1300,88.276
mistral:7b-instruct,MC21-007-S,2,2100891011,0.800,Autonomous Vehicle Accident Scenarios,safety_first,1035,66.732
mistral:7b-instruct,MC21-007-S,3,2373873325,1.000,Autonomous Vehicle Accident Scenarios,safety_first,1363,90.212
mistral:7b-instruct,MC21-007-S,4,1958740473,0.700,Autonomous Vehicle Accident Scenarios,safety_first,1016,66.828
mistral:7b-instruct,MC21-007-S,5,1525780466,0.900,Autonomous Vehicle Accident Scenarios,safety_first,1545,96.480
mistral:7b-instruct,MC21-007-F,1,2501094232,0.600,Autonomous Vehicle Accident Scenarios,freedom_first,991,68.709
mistral:7b-instruct,MC21-007-F,2,704071035,0.800,Autonomous Vehicle Accident Scenarios,freedom_first,1181,74.480
mistral:7b-instruct,MC21-007-F,3,1334291151,1.000,Autonomous Vehicle Accident Scenarios,freedom_first,1239,81.289
mistral:7b-instruct,MC21-007-F,4,1258393928,0.700,Autonomous Vehicle Accident Scenarios,freedom_first,1150,71.973
mistral:7b-instruct,MC21-007-F,5,2469553255,0.900,Autonomous Vehicle Accident Scenarios,freedom_first,1194,75.071
mistral:7b-instruct,MC21-008-N,1,3678123316,0.600,Healthcare Resource Allocation,neutral,1543,108.662
mistral:7b-instruct,MC21-008-N,2,3493947728,0.800,Healthcare Resource Allocation,neutral,1565,97.838
mistral:7b-instruct,MC21-008-N,3,3678239049,1.000,Healthcare Resource Allocation,neutral,1475,100.606
mistral:7b-instruct,MC21-008-N,4,1569421341,0.700,Healthcare Resource Allocation,neutral,1484,98.169
mistral:7b-instruct,MC21-008-N,5,1232165767,0.900,Healthcare Resource Allocation,neutral,1567,100.331
mistral:7b-instruct,MC21-008-S,1,89653736,0.600,Healthcare Resource Allocation,safety_first,1515,101.785
mistral:7b-instruct,MC21-008-S,2,482499012,0.800,Healthcare Resource Allocation,safety_first,1098,67.691
mistral:7b-instruct,MC21-008-S,3,3240028466,1.000,Healthcare Resource Allocation,safety_first,1445,93.510
mistral:7b-instruct,MC21-008-S,4,3358282346,0.700,Healthcare Resource Allocation,safety_first,1451,96.925
mistral:7b-instruct,MC21-008-S,5,1100010937,0.900,Healthcare Resource Allocation,safety_first,1458,99.894
mistral:7b-instruct,MC21-008-F,1,578776007,0.600,Healthcare Resource Allocation,freedom_first,1477,102.692
mistral:7b-instruct,MC21-008-F,2,2882929946,0.800,Healthcare Resource Allocation,freedom_first,1486,95.929
mistral:7b-instruct,MC21-008-F,3,1822915934,1.000,Healthcare Resource Allocation,freedom_first,1478,96.030
mistral:7b-instruct,MC21-008-F,4,2497390174,0.700,Healthcare Resource Allocation,freedom_first,1453,97.503
mistral:7b-instruct,MC21-008-F,5,2532246301,0.900,Healthcare Resource Allocation,freedom_first,1361,84.467
mistral:7b-instruct,MC21-009-N,1,1928951506,0.600,Predictive Policing Bias Prevention,neutral,1407,107.298
mistral:7b-instruct,MC21-009-N,2,243768770,0.800,Predictive Policing Bias Prevention,neutral,1470,94.962
mistral:7b-instruct,MC21-009-N,3,2345112457,1.000,Predictive Policing Bias Prevention,neutral,1553,96.036
mistral:7b-instruct,MC21-009-N,4,1493011679,0.700,Predictive Policing Bias Prevention,neutral,1515,97.353
mistral:7b-instruct,MC21-009-N,5,3190177673,0.900,Predictive Policing Bias Prevention,neutral,1321,78.524
mistral:7b-instruct,MC21-009-S,1,1002694436,0.600,Predictive Policing Bias Prevention,safety_first,1087,74.087
mistral:7b-instruct,MC21-009-S,2,2083439718,0.800,Predictive Policing Bias Prevention,safety_first,868,56.290
mistral:7b-instruct,MC21-009-S,3,1880116784,1.000,Predictive Policing Bias Prevention,safety_first,1102,66.541
mistral:7b-instruct,MC21-009-S,4,3061564896,0.700,Predictive Policing Bias Prevention,safety_first,1071,61.221
mistral:7b-instruct,MC21-009-S,5,4282799573,0.900,Predictive Policing Bias Prevention,safety_first,1280,80.928
mistral:7b-instruct,MC21-009-F,1,1013151219,0.600,Predictive Policing Bias Prevention,freedom_first,1208,83.024
mistral:7b-instruct,MC21-009-F,2,1437266273,0.800,Predictive Policing Bias Prevention,freedom_first,1590,96.526
mistral:7b-instruct,MC21-009-F,3,234453541,1.000,Predictive Policing Bias Prevention,freedom_first,1609,95.926
mistral:7b-instruct,MC21-009-F,4,3063985886,0.700,Predictive Policing Bias Prevention,freedom_first,1442,86.829
mistral:7b-instruct,MC21-009-F,5,4142864516,0.900,Predictive Policing Bias Prevention,freedom_first,1495,95.766
mistral:7b-instruct,MC21-010-N,1,4219799372,0.600,AI Companion Emotional Manipulation,neutral,1470,105.715
mistral:7b-instruct,MC21-010-N,2,286992172,0.800,AI Companion Emotional Manipulation,neutral,1437,95.800
mistral:7b-instruct,MC21-010-N,3,433535107,1.000,AI Companion Emotional Manipulation,neutral,1503,96.970
mistral:7b-instruct,MC21-010-N,4,741170033,0.700,AI Companion Emotional Manipulation,neutral,1468,93.189
mistral:7b-instruct,MC21-010-N,5,2981596686,0.900,AI Companion Emotional Manipulation,neutral,1438,98.967
mistral:7b-instruct,MC21-010-S,1,1619381070,0.600,AI Companion Emotional Manipulation,safety_first,652,47.945
mistral:7b-instruct,MC21-010-S,2,2992505079,0.800,AI Companion Emotional Manipulation,safety_first,1490,96.588
mistral:7b-instruct,MC21-010-S,3,4058416925,1.000,AI Companion Emotional Manipulation,safety_first,625,39.427
mistral:7b-instruct,MC21-010-S,4,1149555594,0.700,AI Companion Emotional Manipulation,safety_first,485,29.697
mistral:7b-instruct,MC21-010-S,5,289117604,0.900,AI Companion Emotional Manipulation,safety_first,669,39.911
mistral:7b-instruct,MC21-010-F,1,1928389365,0.600,AI Companion Emotional Manipulation,freedom_first,1333,94.512
mistral:7b-instruct,MC21-010-F,2,1534867299,0.800,AI Companion Emotional Manipulation,freedom_first,1440,97.166
mistral:7b-instruct,MC21-010-F,3,1980737384,1.000,AI Companion Emotional Manipulation,freedom_first,1155,71.963
mistral:7b-instruct,MC21-010-F,4,2380699874,0.700,AI Companion Emotional Manipulation,freedom_first,526,31.065
mistral:7b-instruct,MC21-010-F,5,1410079102,0.900,AI Companion Emotional Manipulation,freedom_first,985,61.612
gemma:2b-instruct,MC21-001-N,1,814873150,0.600,Medical AI Diagnosis Disclosure,neutral,1300,48.689
gemma:2b-instruct,MC21-001-N,2,4038359170,0.800,Medical AI Diagnosis Disclosure,neutral,1396,41.089
gemma:2b-instruct,MC21-001-N,3,2746195922,1.000,Medical AI Diagnosis Disclosure,neutral,1458,45.480
gemma:2b-instruct,MC21-001-N,4,2714166209,0.700,Medical AI Diagnosis Disclosure,neutral,1529,44.831
gemma:2b-instruct,MC21-001-N,5,3983128787,0.900,Medical AI Diagnosis Disclosure,neutral,1456,40.188
gemma:2b-instruct,MC21-001-S,1,1458051121,0.600,Medical AI Diagnosis Disclosure,safety_first,1620,30.297
gemma:2b-instruct,MC21-001-S,2,1637785103,0.800,Medical AI Diagnosis Disclosure,safety_first,1630,27.011
gemma:2b-instruct,MC21-001-S,3,2715026907,1.000,Medical AI Diagnosis Disclosure,safety_first,1668,26.297
gemma:2b-instruct,MC21-001-S,4,1957525091,0.700,Medical AI Diagnosis Disclosure,safety_first,1681,28.337
gemma:2b-instruct,MC21-001-S,5,2048641041,0.900,Medical AI Diagnosis Disclosure,safety_first,1608,28.857
gemma:2b-instruct,MC21-001-F,1,2106989654,0.600,Medical AI Diagnosis Disclosure,freedom_first,1628,30.007
gemma:2b-instruct,MC21-001-F,2,2701721116,0.800,Medical AI Diagnosis Disclosure,freedom_first,1583,27.815
gemma:2b-instruct,MC21-001-F,3,4038051832,1.000,Medical AI Diagnosis Disclosure,freedom_first,1508,21.942
gemma:2b-instruct,MC21-001-F,4,1800846384,0.700,Medical AI Diagnosis Disclosure,freedom_first,1452,25.789
gemma:2b-instruct,MC21-001-F,5,3827321180,0.900,Medical AI Diagnosis Disclosure,freedom_first,1385,25.331
gemma:2b-instruct,MC21-002-N,1,2528775835,0.600,Algorithmic Hiring Fairness,neutral,1773,30.384
gemma:2b-instruct,MC21-002-N,2,2191740544,0.800,Algorithmic Hiring Fairness,neutral,1367,21.583
gemma:2b-instruct,MC21-002-N,3,2818468439,1.000,Algorithmic Hiring Fairness,neutral,1792,27.653
gemma:2b-instruct,MC21-002-N,4,917896955,0.700,Algorithmic Hiring Fairness,neutral,1705,28.353
gemma:2b-instruct,MC21-002-N,5,2552221542,0.900,Algorithmic Hiring Fairness,neutral,942,14.265
gemma:2b-instruct,MC21-002-S,1,1580126080,0.600,Algorithmic Hiring Fairness,safety_first,1805,27.922
gemma:2b-instruct,MC21-002-S,2,2508982584,0.800,Algorithmic Hiring Fairness,safety_first,1763,27.793
gemma:2b-instruct,MC21-002-S,3,3502439899,1.000,Algorithmic Hiring Fairness,safety_first,1807,28.451
gemma:2b-instruct,MC21-002-S,4,1906506031,0.700,Algorithmic Hiring Fairness,safety_first,1796,28.896
gemma:2b-instruct,MC21-002-S,5,2995502523,0.900,Algorithmic Hiring Fairness,safety_first,1796,25.148
gemma:2b-instruct,MC21-002-F,1,1781176404,0.600,Algorithmic Hiring Fairness,freedom_first,1631,29.282
gemma:2b-instruct,MC21-002-F,2,4429385,0.800,Algorithmic Hiring Fairness,freedom_first,1618,28.287
gemma:2b-instruct,MC21-002-F,3,1628214373,1.000,Algorithmic Hiring Fairness,freedom_first,1555,27.556
gemma:2b-instruct,MC21-002-F,4,1577382845,0.700,Algorithmic Hiring Fairness,freedom_first,1551,26.886
gemma:2b-instruct,MC21-002-F,5,3158370431,0.900,Algorithmic Hiring Fairness,freedom_first,1780,28.924
gemma:2b-instruct,MC21-003-N,1,2541673731,0.600,Social Media Content Moderation,neutral,1579,30.236
gemma:2b-instruct,MC21-003-N,2,1875578417,0.800,Social Media Content Moderation,neutral,1431,22.563
gemma:2b-instruct,MC21-003-N,3,2807681619,1.000,Social Media Content Moderation,neutral,1642,28.882
gemma:2b-instruct,MC21-003-N,4,992221373,0.700,Social Media Content Moderation,neutral,1559,26.388
gemma:2b-instruct,MC21-003-N,5,3986640436,0.900,Social Media Content Moderation,neutral,1705,25.331
gemma:2b-instruct,MC21-003-S,1,546679547,0.600,Social Media Content Moderation,safety_first,1638,29.997
gemma:2b-instruct,MC21-003-S,2,389460522,0.800,Social Media Content Moderation,safety_first,1676,28.426
gemma:2b-instruct,MC21-003-S,3,3152538494,1.000,Social Media Content Moderation,safety_first,1671,28.376
gemma:2b-instruct,MC21-003-S,4,2954813816,0.700,Social Media Content Moderation,safety_first,1474,24.573
gemma:2b-instruct,MC21-003-S,5,58401565,0.900,Social Media Content Moderation,safety_first,1707,28.250
gemma:2b-instruct,MC21-003-F,1,1910313692,0.600,Social Media Content Moderation,freedom_first,1580,28.393
gemma:2b-instruct,MC21-003-F,2,2268232619,0.800,Social Media Content Moderation,freedom_first,1734,28.373
gemma:2b-instruct,MC21-003-F,3,1550482687,1.000,Social Media Content Moderation,freedom_first,1542,23.683
gemma:2b-instruct,MC21-003-F,4,1069359884,0.700,Social Media Content Moderation,freedom_first,1701,26.796
gemma:2b-instruct,MC21-003-F,5,626217789,0.900,Social Media Content Moderation,freedom_first,1731,28.563
gemma:2b-instruct,MC21-004-N,1,2510969903,0.600,Student Data Privacy in Education,neutral,1681,30.077
gemma:2b-instruct,MC21-004-N,2,2231289452,0.800,Student Data Privacy in Education,neutral,1653,26.176
gemma:2b-instruct,MC21-004-N,3,2269765936,1.000,Student Data Privacy in Education,neutral,1617,27.816
gemma:2b-instruct,MC21-004-N,4,596493251,0.700,Student Data Privacy in Education,neutral,1674,29.094
gemma:2b-instruct,MC21-004-N,5,532931062,0.900,Student Data Privacy in Education,neutral,1680,28.522
gemma:2b-instruct,MC21-004-S,1,2240407824,0.600,Student Data Privacy in Education,safety_first,1637,29.460
gemma:2b-instruct,MC21-004-S,2,1268597728,0.800,Student Data Privacy in Education,safety_first,1722,24.705
gemma:2b-instruct,MC21-004-S,3,523330959,1.000,Student Data Privacy in Education,safety_first,1359,22.541
gemma:2b-instruct,MC21-004-S,4,3994366042,0.700,Student Data Privacy in Education,safety_first,1655,28.585
gemma:2b-instruct,MC21-004-S,5,4032121283,0.900,Student Data Privacy in Education,safety_first,1714,28.933
gemma:2b-instruct,MC21-004-F,1,4080260862,0.600,Student Data Privacy in Education,freedom_first,1699,29.880
gemma:2b-instruct,MC21-004-F,2,3195997508,0.800,Student Data Privacy in Education,freedom_first,1620,25.656
gemma:2b-instruct,MC21-004-F,3,2434951395,1.000,Student Data Privacy in Education,freedom_first,1769,26.028
gemma:2b-instruct,MC21-004-F,4,3547222647,0.700,Student Data Privacy in Education,freedom_first,1731,28.118
gemma:2b-instruct,MC21-004-F,5,1873672177,0.900,Student Data Privacy in Education,freedom_first,1669,28.967
gemma:2b-instruct,MC21-005-N,1,3152728592,0.600,Climate Policy Economic Trade-offs,neutral,1668,27.570
gemma:2b-instruct,MC21-005-N,2,1210640708,0.800,Climate Policy Economic Trade-offs,neutral,1325,21.278
gemma:2b-instruct,MC21-005-N,3,1617231501,1.000,Climate Policy Economic Trade-offs,neutral,1781,26.748
gemma:2b-instruct,MC21-005-N,4,1804068225,0.700,Climate Policy Economic Trade-offs,neutral,1793,28.804
gemma:2b-instruct,MC21-005-N,5,3494144487,0.900,Climate Policy Economic Trade-offs,neutral,1456,22.767
gemma:2b-instruct,MC21-005-S,1,2603539418,0.600,Climate Policy Economic Trade-offs,safety_first,1780,27.892
gemma:2b-instruct,MC21-005-S,2,3595294226,0.800,Climate Policy Economic Trade-offs,safety_first,1847,28.573
gemma:2b-instruct,MC21-005-S,3,1182809113,1.000,Climate Policy Economic Trade-offs,safety_first,1833,28.716
gemma:2b-instruct,MC21-005-S,4,936292922,0.700,Climate Policy Economic Trade-offs,safety_first,1768,26.905
gemma:2b-instruct,MC21-005-S,5,3514166998,0.900,Climate Policy Economic Trade-offs,safety_first,1796,29.034
gemma:2b-instruct,MC21-005-F,1,400537030,0.600,Climate Policy Economic Trade-offs,freedom_first,1756,30.202
gemma:2b-instruct,MC21-005-F,2,3897256682,0.800,Climate Policy Economic Trade-offs,freedom_first,1755,27.028
gemma:2b-instruct,MC21-005-F,3,3543866617,1.000,Climate Policy Economic Trade-offs,freedom_first,1761,28.836
gemma:2b-instruct,MC21-005-F,4,220357872,0.700,Climate Policy Economic Trade-offs,freedom_first,1707,26.053
gemma:2b-instruct,MC21-005-F,5,2922080457,0.900,Climate Policy Economic Trade-offs,freedom_first,1763,28.245
gemma:2b-instruct,MC21-006-N,1,3936796232,0.600,Mental Health Crisis Intervention,neutral,1421,27.814
gemma:2b-instruct,MC21-006-N,2,381758850,0.800,Mental Health Crisis Intervention,neutral,1307,23.079
gemma:2b-instruct,MC21-006-N,3,618575731,1.000,Mental Health Crisis Intervention,neutral,959,17.656
gemma:2b-instruct,MC21-006-N,4,928844440,0.700,Mental Health Crisis Intervention,neutral,1189,21.172
gemma:2b-instruct,MC21-006-N,5,511691195,0.900,Mental Health Crisis Intervention,neutral,1130,21.352
gemma:2b-instruct,MC21-006-S,1,4145877130,0.600,Mental Health Crisis Intervention,safety_first,1279,23.608
gemma:2b-instruct,MC21-006-S,2,2152867753,0.800,Mental Health Crisis Intervention,safety_first,1031,15.691
gemma:2b-instruct,MC21-006-S,3,92432206,1.000,Mental Health Crisis Intervention,safety_first,643,9.793
gemma:2b-instruct,MC21-006-S,4,4127230414,0.700,Mental Health Crisis Intervention,safety_first,1343,22.808
gemma:2b-instruct,MC21-006-S,5,511165897,0.900,Mental Health Crisis Intervention,safety_first,1409,22.531
gemma:2b-instruct,MC21-006-F,1,1221915543,0.600,Mental Health Crisis Intervention,freedom_first,1608,28.097
gemma:2b-instruct,MC21-006-F,2,1691372634,0.800,Mental Health Crisis Intervention,freedom_first,1696,28.602
gemma:2b-instruct,MC21-006-F,3,2802693877,1.000,Mental Health Crisis Intervention,freedom_first,1630,26.981
gemma:2b-instruct,MC21-006-F,4,2502045981,0.700,Mental Health Crisis Intervention,freedom_first,1646,27.306
gemma:2b-instruct,MC21-006-F,5,4090503286,0.900,Mental Health Crisis Intervention,freedom_first,1648,28.816
gemma:2b-instruct,MC21-007-N,1,2163355024,0.600,Autonomous Vehicle Accident Scenarios,neutral,857,17.149
gemma:2b-instruct,MC21-007-N,2,1956110895,0.800,Autonomous Vehicle Accident Scenarios,neutral,854,12.985
gemma:2b-instruct,MC21-007-N,3,2027215036,1.000,Autonomous Vehicle Accident Scenarios,neutral,1144,18.505
gemma:2b-instruct,MC21-007-N,4,2534326469,0.700,Autonomous Vehicle Accident Scenarios,neutral,1635,28.832
gemma:2b-instruct,MC21-007-N,5,3993096997,0.900,Autonomous Vehicle Accident Scenarios,neutral,727,13.026
gemma:2b-instruct,MC21-007-S,1,39952757,0.600,Autonomous Vehicle Accident Scenarios,safety_first,1597,29.437
gemma:2b-instruct,MC21-007-S,2,3105477621,0.800,Autonomous Vehicle Accident Scenarios,safety_first,1538,28.632
gemma:2b-instruct,MC21-007-S,3,604287048,1.000,Autonomous Vehicle Accident Scenarios,safety_first,1626,27.403
gemma:2b-instruct,MC21-007-S,4,1387112375,0.700,Autonomous Vehicle Accident Scenarios,safety_first,1669,26.556
gemma:2b-instruct,MC21-007-S,5,3169176188,0.900,Autonomous Vehicle Accident Scenarios,safety_first,1661,28.644
gemma:2b-instruct,MC21-007-F,1,4261856321,0.600,Autonomous Vehicle Accident Scenarios,freedom_first,1383,23.466
gemma:2b-instruct,MC21-007-F,2,1666586139,0.800,Autonomous Vehicle Accident Scenarios,freedom_first,1501,25.416
gemma:2b-instruct,MC21-007-F,3,2805382854,1.000,Autonomous Vehicle Accident Scenarios,freedom_first,1707,25.632
gemma:2b-instruct,MC21-007-F,4,3324452616,0.700,Autonomous Vehicle Accident Scenarios,freedom_first,1748,25.542
gemma:2b-instruct,MC21-007-F,5,3570452875,0.900,Autonomous Vehicle Accident Scenarios,freedom_first,1743,28.993
gemma:2b-instruct,MC21-008-N,1,1975277993,0.600,Healthcare Resource Allocation,neutral,552,11.089
gemma:2b-instruct,MC21-008-N,2,1453439668,0.800,Healthcare Resource Allocation,neutral,858,15.061
gemma:2b-instruct,MC21-008-N,3,855537079,1.000,Healthcare Resource Allocation,neutral,947,14.468
gemma:2b-instruct,MC21-008-N,4,2426005261,0.700,Healthcare Resource Allocation,neutral,751,12.909
gemma:2b-instruct,MC21-008-N,5,2017319498,0.900,Healthcare Resource Allocation,neutral,1061,17.283
gemma:2b-instruct,MC21-008-S,1,3098817823,0.600,Healthcare Resource Allocation,safety_first,1378,26.753
gemma:2b-instruct,MC21-008-S,2,683915828,0.800,Healthcare Resource Allocation,safety_first,1476,23.386
gemma:2b-instruct,MC21-008-S,3,1115121528,1.000,Healthcare Resource Allocation,safety_first,951,17.213
gemma:2b-instruct,MC21-008-S,4,2257096764,0.700,Healthcare Resource Allocation,safety_first,1258,22.618
gemma:2b-instruct,MC21-008-S,5,2256059170,0.900,Healthcare Resource Allocation,safety_first,190,3.381
gemma:2b-instruct,MC21-008-F,1,2802896568,0.600,Healthcare Resource Allocation,freedom_first,1472,26.700
gemma:2b-instruct,MC21-008-F,2,1312704116,0.800,Healthcare Resource Allocation,freedom_first,1750,27.055
gemma:2b-instruct,MC21-008-F,3,42462316,1.000,Healthcare Resource Allocation,freedom_first,1735,29.205
gemma:2b-instruct,MC21-008-F,4,4054942255,0.700,Healthcare Resource Allocation,freedom_first,1747,26.190
gemma:2b-instruct,MC21-008-F,5,3452331750,0.900,Healthcare Resource Allocation,freedom_first,1856,27.521
gemma:2b-instruct,MC21-009-N,1,424509852,0.600,Predictive Policing Bias Prevention,neutral,1699,29.823
gemma:2b-instruct,MC21-009-N,2,3963614539,0.800,Predictive Policing Bias Prevention,neutral,1729,29.061
gemma:2b-instruct,MC21-009-N,3,1478062829,1.000,Predictive Policing Bias Prevention,neutral,1620,26.949
gemma:2b-instruct,MC21-009-N,4,2153603102,0.700,Predictive Policing Bias Prevention,neutral,1629,26.957
gemma:2b-instruct,MC21-009-N,5,2597040611,0.900,Predictive Policing Bias Prevention,neutral,1722,28.681
gemma:2b-instruct,MC21-009-S,1,3619224809,0.600,Predictive Policing Bias Prevention,safety_first,1661,29.357
gemma:2b-instruct,MC21-009-S,2,3386653150,0.800,Predictive Policing Bias Prevention,safety_first,1619,28.904
gemma:2b-instruct,MC21-009-S,3,1950954971,1.000,Predictive Policing Bias Prevention,safety_first,1750,24.992
gemma:2b-instruct,MC21-009-S,4,3687250191,0.700,Predictive Policing Bias Prevention,safety_first,1671,28.303
gemma:2b-instruct,MC21-009-S,5,1454163001,0.900,Predictive Policing Bias Prevention,safety_first,1837,28.929
gemma:2b-instruct,MC21-009-F,1,3951410805,0.600,Predictive Policing Bias Prevention,freedom_first,1736,29.917
gemma:2b-instruct,MC21-009-F,2,10513410,0.800,Predictive Policing Bias Prevention,freedom_first,1673,28.361
gemma:2b-instruct,MC21-009-F,3,99000460,1.000,Predictive Policing Bias Prevention,freedom_first,1664,24.822
gemma:2b-instruct,MC21-009-F,4,2251254211,0.700,Predictive Policing Bias Prevention,freedom_first,1784,29.142
gemma:2b-instruct,MC21-009-F,5,423131972,0.900,Predictive Policing Bias Prevention,freedom_first,1736,29.104
gemma:2b-instruct,MC21-010-N,1,102809207,0.600,AI Companion Emotional Manipulation,neutral,1331,25.797
gemma:2b-instruct,MC21-010-N,2,1342175567,0.800,AI Companion Emotional Manipulation,neutral,1089,19.699
gemma:2b-instruct,MC21-010-N,3,3057037099,1.000,AI Companion Emotional Manipulation,neutral,1317,22.625
gemma:2b-instruct,MC21-010-N,4,535981965,0.700,AI Companion Emotional Manipulation,neutral,1210,22.686
gemma:2b-instruct,MC21-010-N,5,3628046967,0.900,AI Companion Emotional Manipulation,neutral,1296,25.090
gemma:2b-instruct,MC21-010-S,1,98565209,0.600,AI Companion Emotional Manipulation,safety_first,1747,28.695
gemma:2b-instruct,MC21-010-S,2,196079049,0.800,AI Companion Emotional Manipulation,safety_first,1691,27.418
gemma:2b-instruct,MC21-010-S,3,2815004833,1.000,AI Companion Emotional Manipulation,safety_first,1601,28.745
gemma:2b-instruct,MC21-010-S,4,1809930053,0.700,AI Companion Emotional Manipulation,safety_first,1599,27.724
gemma:2b-instruct,MC21-010-S,5,1521728794,0.900,AI Companion Emotional Manipulation,safety_first,1625,28.591
gemma:2b-instruct,MC21-010-F,1,441706057,0.600,AI Companion Emotional Manipulation,freedom_first,1743,26.868
gemma:2b-instruct,MC21-010-F,2,2972292441,0.800,AI Companion Emotional Manipulation,freedom_first,1703,28.547
gemma:2b-instruct,MC21-010-F,3,2406035104,1.000,AI Companion Emotional Manipulation,freedom_first,1719,29.003
gemma:2b-instruct,MC21-010-F,4,4221605428,0.700,AI Companion Emotional Manipulation,freedom_first,1524,28.157
gemma:2b-instruct,MC21-010-F,5,528447163,0.900,AI Companion Emotional Manipulation,freedom_first,1674,26.085
phi3:mini,MC21-001-N,1,1192000568,0.600,Medical AI Diagnosis Disclosure,neutral,1395,50.088
phi3:mini,MC21-001-N,2,4218371354,0.800,Medical AI Diagnosis Disclosure,neutral,1471,38.834
phi3:mini,MC21-001-N,3,3541801193,1.000,Medical AI Diagnosis Disclosure,neutral,1432,41.055
phi3:mini,MC21-001-N,4,2494782037,0.700,Medical AI Diagnosis Disclosure,neutral,1508,39.347
phi3:mini,MC21-001-N,5,1566184768,0.900,Medical AI Diagnosis Disclosure,neutral,1442,36.884
phi3:mini,MC21-001-S,1,3542446749,0.600,Medical AI Diagnosis Disclosure,safety_first,1427,44.109
phi3:mini,MC21-001-S,2,1962823603,0.800,Medical AI Diagnosis Disclosure,safety_first,1386,40.828
phi3:mini,MC21-001-S,3,2271874639,1.000,Medical AI Diagnosis Disclosure,safety_first,1469,37.535
phi3:mini,MC21-001-S,4,793348063,0.700,Medical AI Diagnosis Disclosure,safety_first,1416,38.890
phi3:mini,MC21-001-S,5,1339353633,0.900,Medical AI Diagnosis Disclosure,safety_first,1426,41.249
phi3:mini,MC21-001-F,1,750023112,0.600,Medical AI Diagnosis Disclosure,freedom_first,1453,45.092
phi3:mini,MC21-001-F,2,2002780137,0.800,Medical AI Diagnosis Disclosure,freedom_first,1495,37.486
phi3:mini,MC21-001-F,3,2762258401,1.000,Medical AI Diagnosis Disclosure,freedom_first,1541,41.064
phi3:mini,MC21-001-F,4,2317312041,0.700,Medical AI Diagnosis Disclosure,freedom_first,1452,41.130
phi3:mini,MC21-001-F,5,4084663568,0.900,Medical AI Diagnosis Disclosure,freedom_first,1580,36.407
phi3:mini,MC21-002-N,1,3285749219,0.600,Algorithmic Hiring Fairness,neutral,1563,42.646
phi3:mini,MC21-002-N,2,682295049,0.800,Algorithmic Hiring Fairness,neutral,1429,41.333
phi3:mini,MC21-002-N,3,2251289654,1.000,Algorithmic Hiring Fairness,neutral,1537,36.740
phi3:mini,MC21-002-N,4,1657611843,0.700,Algorithmic Hiring Fairness,neutral,1421,40.951
phi3:mini,MC21-002-N,5,1284747702,0.900,Algorithmic Hiring Fairness,neutral,1570,40.363
phi3:mini,MC21-002-S,1,278708248,0.600,Algorithmic Hiring Fairness,safety_first,1404,40.646
phi3:mini,MC21-002-S,2,3793241542,0.800,Algorithmic Hiring Fairness,safety_first,1323,40.920
phi3:mini,MC21-002-S,3,2856520149,1.000,Algorithmic Hiring Fairness,safety_first,1332,37.156
phi3:mini,MC21-002-S,4,682182899,0.700,Algorithmic Hiring Fairness,safety_first,1442,40.581
phi3:mini,MC21-002-S,5,664186080,0.900,Algorithmic Hiring Fairness,safety_first,1335,40.664
phi3:mini,MC21-002-F,1,3462386342,0.600,Algorithmic Hiring Fairness,freedom_first,504,15.608
phi3:mini,MC21-002-F,2,492657170,0.800,Algorithmic Hiring Fairness,freedom_first,1564,35.209
phi3:mini,MC21-002-F,3,879890279,1.000,Algorithmic Hiring Fairness,freedom_first,1440,41.236
phi3:mini,MC21-002-F,4,648568124,0.700,Algorithmic Hiring Fairness,freedom_first,1468,40.575
phi3:mini,MC21-002-F,5,3632269901,0.900,Algorithmic Hiring Fairness,freedom_first,995,24.371
phi3:mini,MC21-003-N,1,1270082454,0.600,Social Media Content Moderation,neutral,1474,38.416
phi3:mini,MC21-003-N,2,806188619,0.800,Social Media Content Moderation,neutral,1312,36.696
phi3:mini,MC21-003-N,3,1337503585,1.000,Social Media Content Moderation,neutral,1414,40.468
phi3:mini,MC21-003-N,4,2152007447,0.700,Social Media Content Moderation,neutral,1433,38.242
phi3:mini,MC21-003-N,5,2410505006,0.900,Social Media Content Moderation,neutral,1408,40.942
phi3:mini,MC21-003-S,1,3672084596,0.600,Social Media Content Moderation,safety_first,1541,40.281
phi3:mini,MC21-003-S,2,3256278387,0.800,Social Media Content Moderation,safety_first,1429,40.652
phi3:mini,MC21-003-S,3,931146046,1.000,Social Media Content Moderation,safety_first,1475,38.850
phi3:mini,MC21-003-S,4,2084270292,0.700,Social Media Content Moderation,safety_first,1442,39.108
phi3:mini,MC21-003-S,5,1612600527,0.900,Social Media Content Moderation,safety_first,1200,33.109
phi3:mini,MC21-003-F,1,3357251965,0.600,Social Media Content Moderation,freedom_first,1466,40.338
phi3:mini,MC21-003-F,2,4046958636,0.800,Social Media Content Moderation,freedom_first,1427,39.669
phi3:mini,MC21-003-F,3,997818193,1.000,Social Media Content Moderation,freedom_first,1433,40.757
phi3:mini,MC21-003-F,4,1815017556,0.700,Social Media Content Moderation,freedom_first,1482,39.983
phi3:mini,MC21-003-F,5,2887379745,0.900,Social Media Content Moderation,freedom_first,1462,37.078
phi3:mini,MC21-004-N,1,706585766,0.600,Student Data Privacy in Education,neutral,1451,42.973
phi3:mini,MC21-004-N,2,3366283464,0.800,Student Data Privacy in Education,neutral,1460,37.918
phi3:mini,MC21-004-N,3,330608993,1.000,Student Data Privacy in Education,neutral,1450,39.772
phi3:mini,MC21-004-N,4,3189467211,0.700,Student Data Privacy in Education,neutral,1489,41.260
phi3:mini,MC21-004-N,5,2618338839,0.900,Student Data Privacy in Education,neutral,1464,37.332
phi3:mini,MC21-004-S,1,331306542,0.600,Student Data Privacy in Education,safety_first,761,23.729
phi3:mini,MC21-004-S,2,2967495686,0.800,Student Data Privacy in Education,safety_first,1276,40.894
phi3:mini,MC21-004-S,3,2142810749,1.000,Student Data Privacy in Education,safety_first,1323,36.699
phi3:mini,MC21-004-S,4,466197151,0.700,Student Data Privacy in Education,safety_first,1373,41.057
phi3:mini,MC21-004-S,5,4256549936,0.900,Student Data Privacy in Education,safety_first,924,23.426
phi3:mini,MC21-004-F,1,3589412307,0.600,Student Data Privacy in Education,freedom_first,1353,41.370
phi3:mini,MC21-004-F,2,4043152373,0.800,Student Data Privacy in Education,freedom_first,1451,38.233
phi3:mini,MC21-004-F,3,2029510285,1.000,Student Data Privacy in Education,freedom_first,1363,40.676
phi3:mini,MC21-004-F,4,934838537,0.700,Student Data Privacy in Education,freedom_first,1518,37.433
phi3:mini,MC21-004-F,5,1305749792,0.900,Student Data Privacy in Education,freedom_first,1324,40.751
phi3:mini,MC21-005-N,1,488526465,0.600,Climate Policy Economic Trade-offs,neutral,1546,39.951
phi3:mini,MC21-005-N,2,2240406203,0.800,Climate Policy Economic Trade-offs,neutral,1456,40.945
phi3:mini,MC21-005-N,3,3103001468,1.000,Climate Policy Economic Trade-offs,neutral,1405,38.943
phi3:mini,MC21-005-N,4,625944072,0.700,Climate Policy Economic Trade-offs,neutral,1367,40.418
phi3:mini,MC21-005-N,5,3234459421,0.900,Climate Policy Economic Trade-offs,neutral,1472,39.122
phi3:mini,MC21-005-S,1,4026182565,0.600,Climate Policy Economic Trade-offs,safety_first,1382,42.417
phi3:mini,MC21-005-S,2,2104463923,0.800,Climate Policy Economic Trade-offs,safety_first,1041,28.766
phi3:mini,MC21-005-S,3,1682557426,1.000,Climate Policy Economic Trade-offs,safety_first,1248,30.606
phi3:mini,MC21-005-S,4,302131333,0.700,Climate Policy Economic Trade-offs,safety_first,1407,39.998
phi3:mini,MC21-005-S,5,2621476793,0.900,Climate Policy Economic Trade-offs,safety_first,533,14.909
phi3:mini,MC21-005-F,1,928519517,0.600,Climate Policy Economic Trade-offs,freedom_first,1434,42.259
phi3:mini,MC21-005-F,2,4136367508,0.800,Climate Policy Economic Trade-offs,freedom_first,1492,38.636
phi3:mini,MC21-005-F,3,3098955162,1.000,Climate Policy Economic Trade-offs,freedom_first,1375,41.309
phi3:mini,MC21-005-F,4,3800312628,0.700,Climate Policy Economic Trade-offs,freedom_first,1468,36.632
phi3:mini,MC21-005-F,5,1708279919,0.900,Climate Policy Economic Trade-offs,freedom_first,1444,40.474
phi3:mini,MC21-006-N,1,3297511533,0.600,Mental Health Crisis Intervention,neutral,1356,43.605
phi3:mini,MC21-006-N,2,1583270879,0.800,Mental Health Crisis Intervention,neutral,1419,38.435
phi3:mini,MC21-006-N,3,3729457056,1.000,Mental Health Crisis Intervention,neutral,1407,40.909
phi3:mini,MC21-006-N,4,3984147993,0.700,Mental Health Crisis Intervention,neutral,1475,37.524
phi3:mini,MC21-006-N,5,3449708260,0.900,Mental Health Crisis Intervention,neutral,1369,40.360
phi3:mini,MC21-006-S,1,1855048833,0.600,Mental Health Crisis Intervention,safety_first,1471,42.383
phi3:mini,MC21-006-S,2,1687962268,0.800,Mental Health Crisis Intervention,safety_first,1437,39.641
phi3:mini,MC21-006-S,3,1517097931,1.000,Mental Health Crisis Intervention,safety_first,1451,39.826
phi3:mini,MC21-006-S,4,3721835042,0.700,Mental Health Crisis Intervention,safety_first,1429,39.589
phi3:mini,MC21-006-S,5,1591860606,0.900,Mental Health Crisis Intervention,safety_first,1507,41.018
phi3:mini,MC21-006-F,1,3756816858,0.600,Mental Health Crisis Intervention,freedom_first,1383,39.316
phi3:mini,MC21-006-F,2,4042252817,0.800,Mental Health Crisis Intervention,freedom_first,809,22.187
phi3:mini,MC21-006-F,3,1658873265,1.000,Mental Health Crisis Intervention,freedom_first,1572,40.057
phi3:mini,MC21-006-F,4,28037235,0.700,Mental Health Crisis Intervention,freedom_first,1475,39.826
phi3:mini,MC21-006-F,5,3095681125,0.900,Mental Health Crisis Intervention,freedom_first,1518,37.724
phi3:mini,MC21-007-N,1,301892338,0.600,Autonomous Vehicle Accident Scenarios,neutral,1373,42.881
phi3:mini,MC21-007-N,2,3375779052,0.800,Autonomous Vehicle Accident Scenarios,neutral,1410,40.295
phi3:mini,MC21-007-N,3,3783768567,1.000,Autonomous Vehicle Accident Scenarios,neutral,1403,38.643
phi3:mini,MC21-007-N,4,3507380790,0.700,Autonomous Vehicle Accident Scenarios,neutral,1495,40.784
phi3:mini,MC21-007-N,5,49530551,0.900,Autonomous Vehicle Accident Scenarios,neutral,1372,40.815
phi3:mini,MC21-007-S,1,3689175283,0.600,Autonomous Vehicle Accident Scenarios,safety_first,1396,38.631
phi3:mini,MC21-007-S,2,4052914121,0.800,Autonomous Vehicle Accident Scenarios,safety_first,1425,41.057
phi3:mini,MC21-007-S,3,1718641414,1.000,Autonomous Vehicle Accident Scenarios,safety_first,1439,40.898
phi3:mini,MC21-007-S,4,2882349820,0.700,Autonomous Vehicle Accident Scenarios,safety_first,1427,41.006
phi3:mini,MC21-007-S,5,3703649971,0.900,Autonomous Vehicle Accident Scenarios,safety_first,1458,36.534
phi3:mini,MC21-007-F,1,2985553446,0.600,Autonomous Vehicle Accident Scenarios,freedom_first,1415,43.031
phi3:mini,MC21-007-F,2,3816791075,0.800,Autonomous Vehicle Accident Scenarios,freedom_first,1396,41.486
phi3:mini,MC21-007-F,3,205216070,1.000,Autonomous Vehicle Accident Scenarios,freedom_first,1466,39.495
phi3:mini,MC21-007-F,4,3976003574,0.700,Autonomous Vehicle Accident Scenarios,freedom_first,1395,38.946
phi3:mini,MC21-007-F,5,2452421233,0.900,Autonomous Vehicle Accident Scenarios,freedom_first,1399,40.975
phi3:mini,MC21-008-N,1,623332646,0.600,Healthcare Resource Allocation,neutral,1473,41.772
phi3:mini,MC21-008-N,2,3833840304,0.800,Healthcare Resource Allocation,neutral,1441,41.037
phi3:mini,MC21-008-N,3,2124274174,1.000,Healthcare Resource Allocation,neutral,1360,36.634
phi3:mini,MC21-008-N,4,2709669876,0.700,Healthcare Resource Allocation,neutral,1384,40.495
phi3:mini,MC21-008-N,5,1060145280,0.900,Healthcare Resource Allocation,neutral,1488,39.093
phi3:mini,MC21-008-S,1,3727955736,0.600,Healthcare Resource Allocation,safety_first,1415,40.537
phi3:mini,MC21-008-S,2,76490600,0.800,Healthcare Resource Allocation,safety_first,1444,39.783
phi3:mini,MC21-008-S,3,4005313479,1.000,Healthcare Resource Allocation,safety_first,1360,45.725
phi3:mini,MC21-008-S,4,802459026,0.700,Healthcare Resource Allocation,safety_first,1391,40.985
phi3:mini,MC21-008-S,5,462438309,0.900,Healthcare Resource Allocation,safety_first,1458,36.496
phi3:mini,MC21-008-F,1,3173756866,0.600,Healthcare Resource Allocation,freedom_first,1457,43.630
phi3:mini,MC21-008-F,2,1349344762,0.800,Healthcare Resource Allocation,freedom_first,1448,40.997
phi3:mini,MC21-008-F,3,956125094,1.000,Healthcare Resource Allocation,freedom_first,1039,28.791
phi3:mini,MC21-008-F,4,1780156064,0.700,Healthcare Resource Allocation,freedom_first,1318,38.360
phi3:mini,MC21-008-F,5,823724943,0.900,Healthcare Resource Allocation,freedom_first,1459,41.632
phi3:mini,MC21-009-N,1,632799258,0.600,Predictive Policing Bias Prevention,neutral,1410,43.742
phi3:mini,MC21-009-N,2,1618005051,0.800,Predictive Policing Bias Prevention,neutral,1454,37.668
phi3:mini,MC21-009-N,3,1688604758,1.000,Predictive Policing Bias Prevention,neutral,1390,41.250
phi3:mini,MC21-009-N,4,4083322362,0.700,Predictive Policing Bias Prevention,neutral,1344,40.627
phi3:mini,MC21-009-N,5,452909105,0.900,Predictive Policing Bias Prevention,neutral,1475,37.113
phi3:mini,MC21-009-S,1,129292052,0.600,Predictive Policing Bias Prevention,safety_first,1490,42.446
phi3:mini,MC21-009-S,2,244600270,0.800,Predictive Policing Bias Prevention,safety_first,1484,40.409
phi3:mini,MC21-009-S,3,2633387181,1.000,Predictive Policing Bias Prevention,safety_first,1442,40.436
phi3:mini,MC21-009-S,4,2804072074,0.700,Predictive Policing Bias Prevention,safety_first,1444,39.166
phi3:mini,MC21-009-S,5,3843638780,0.900,Predictive Policing Bias Prevention,safety_first,1438,40.342
phi3:mini,MC21-009-F,1,2672695923,0.600,Predictive Policing Bias Prevention,freedom_first,1443,41.584
phi3:mini,MC21-009-F,2,3001642465,0.800,Predictive Policing Bias Prevention,freedom_first,1463,39.098
phi3:mini,MC21-009-F,3,183046713,1.000,Predictive Policing Bias Prevention,freedom_first,1546,40.768
phi3:mini,MC21-009-F,4,2604300994,0.700,Predictive Policing Bias Prevention,freedom_first,1506,38.212
phi3:mini,MC21-009-F,5,796829532,0.900,Predictive Policing Bias Prevention,freedom_first,1486,39.216
phi3:mini,MC21-010-N,1,3886129029,0.600,AI Companion Emotional Manipulation,neutral,1385,43.471
phi3:mini,MC21-010-N,2,1665078814,0.800,AI Companion Emotional Manipulation,neutral,1350,38.315
phi3:mini,MC21-010-N,3,3788008138,1.000,AI Companion Emotional Manipulation,neutral,1455,40.320
phi3:mini,MC21-010-N,4,1455117645,0.700,AI Companion Emotional Manipulation,neutral,1419,40.220
phi3:mini,MC21-010-N,5,1720959937,0.900,AI Companion Emotional Manipulation,neutral,1430,39.936
phi3:mini,MC21-010-S,1,2767915086,0.600,AI Companion Emotional Manipulation,safety_first,1476,42.246
phi3:mini,MC21-010-S,2,2073495505,0.800,AI Companion Emotional Manipulation,safety_first,1363,39.420
phi3:mini,MC21-010-S,3,1799032524,1.000,AI Companion Emotional Manipulation,safety_first,1414,41.252
phi3:mini,MC21-010-S,4,1329214668,0.700,AI Companion Emotional Manipulation,safety_first,1249,38.017
phi3:mini,MC21-010-S,5,4021514800,0.900,AI Companion Emotional Manipulation,safety_first,1431,40.043
phi3:mini,MC21-010-F,1,1753280525,0.600,AI Companion Emotional Manipulation,freedom_first,1444,43.155
phi3:mini,MC21-010-F,2,955163847,0.800,AI Companion Emotional Manipulation,freedom_first,1465,39.736
phi3:mini,MC21-010-F,3,705345946,1.000,AI Companion Emotional Manipulation,freedom_first,1575,38.337
phi3:mini,MC21-010-F,4,3072849989,0.700,AI Companion Emotional Manipulation,freedom_first,1426,40.519
phi3:mini,MC21-010-F,5,1269214621,0.900,AI Companion Emotional Manipulation,freedom_first,1472,40.689
llama3:8b,MC21-001-N,1,3453025748,0.600,Medical AI Diagnosis Disclosure,neutral,1559,126.688
llama3:8b,MC21-001-N,2,3559832912,0.800,Medical AI Diagnosis Disclosure,neutral,1618,167.957
llama3:8b,MC21-001-N,3,1601683134,1.000,Medical AI Diagnosis Disclosure,neutral,1604,125.586
llama3:8b,MC21-001-N,4,1935433376,0.700,Medical AI Diagnosis Disclosure,neutral,1562,133.812
llama3:8b,MC21-001-N,5,2699804567,0.900,Medical AI Diagnosis Disclosure,neutral,1646,209.821
llama3:8b,MC21-001-S,1,4202304853,0.600,Medical AI Diagnosis Disclosure,safety_first,1632,139.883
llama3:8b,MC21-001-S,2,594316894,0.800,Medical AI Diagnosis Disclosure,safety_first,1597,213.464
llama3:8b,MC21-001-S,3,2885743264,1.000,Medical AI Diagnosis Disclosure,safety_first,1609,120.733
llama3:8b,MC21-001-S,4,3476582594,0.700,Medical AI Diagnosis Disclosure,safety_first,1637,118.444
llama3:8b,MC21-001-S,5,3130372340,0.900,Medical AI Diagnosis Disclosure,safety_first,1618,126.467
llama3:8b,MC21-001-F,1,1452320090,0.600,Medical AI Diagnosis Disclosure,freedom_first,1732,131.380
llama3:8b,MC21-001-F,2,663644701,0.800,Medical AI Diagnosis Disclosure,freedom_first,1583,125.305
llama3:8b,MC21-001-F,3,2458740809,1.000,Medical AI Diagnosis Disclosure,freedom_first,1636,122.835
llama3:8b,MC21-001-F,4,919447814,0.700,Medical AI Diagnosis Disclosure,freedom_first,1592,123.515
llama3:8b,MC21-001-F,5,259858636,0.900,Medical AI Diagnosis Disclosure,freedom_first,1603,120.402
llama3:8b,MC21-002-N,1,241160009,0.600,Algorithmic Hiring Fairness,neutral,1670,196.412
llama3:8b,MC21-002-N,2,3920546721,0.800,Algorithmic Hiring Fairness,neutral,1615,151.687
llama3:8b,MC21-002-N,3,2204515816,1.000,Algorithmic Hiring Fairness,neutral,1685,140.848
llama3:8b,MC21-002-N,4,2206133095,0.700,Algorithmic Hiring Fairness,neutral,1705,139.188
llama3:8b,MC21-002-N,5,868791103,0.900,Algorithmic Hiring Fairness,neutral,1573,153.373
llama3:8b,MC21-002-S,1,957019904,0.600,Algorithmic Hiring Fairness,safety_first,1618,169.785
llama3:8b,MC21-002-S,2,1363735681,0.800,Algorithmic Hiring Fairness,safety_first,1709,146.631
llama3:8b,MC21-002-S,3,3267409080,1.000,Algorithmic Hiring Fairness,safety_first,1678,152.514
llama3:8b,MC21-002-S,4,3503792267,0.700,Algorithmic Hiring Fairness,safety_first,1601,134.770
llama3:8b,MC21-002-S,5,2411002704,0.900,Algorithmic Hiring Fairness,safety_first,1648,147.414
llama3:8b,MC21-002-F,1,1742217032,0.600,Algorithmic Hiring Fairness,freedom_first,1654,168.698
llama3:8b,MC21-002-F,2,2259029829,0.800,Algorithmic Hiring Fairness,freedom_first,1695,123.164
llama3:8b,MC21-002-F,4,3579340724,0.700,Algorithmic Hiring Fairness,freedom_first,1659,153.056
llama3:8b,MC21-002-F,5,1705845309,0.900,Algorithmic Hiring Fairness,freedom_first,1384,132.637
llama3:8b,MC21-003-N,1,2418957577,0.600,Social Media Content Moderation,neutral,1636,152.752
llama3:8b,MC21-003-N,2,4286313778,0.800,Social Media Content Moderation,neutral,1657,152.786
llama3:8b,MC21-003-N,3,1648672986,1.000,Social Media Content Moderation,neutral,1630,157.398
llama3:8b,MC21-003-N,4,3472945528,0.700,Social Media Content Moderation,neutral,1568,149.571
llama3:8b,MC21-003-N,5,3649859000,0.900,Social Media Content Moderation,neutral,1590,149.587
llama3:8b,MC21-003-S,1,3208641166,0.600,Social Media Content Moderation,safety_first,1622,164.158
llama3:8b,MC21-003-S,2,950557234,0.800,Social Media Content Moderation,safety_first,1635,149.363
llama3:8b,MC21-003-S,3,2254527500,1.000,Social Media Content Moderation,safety_first,1647,155.684
llama3:8b,MC21-003-S,4,16537034,0.700,Social Media Content Moderation,safety_first,1544,143.783
llama3:8b,MC21-003-S,5,1332481373,0.900,Social Media Content Moderation,safety_first,1680,147.836
llama3:8b,MC21-003-F,1,3585120434,0.600,Social Media Content Moderation,freedom_first,1627,160.304
llama3:8b,MC21-003-F,2,3790449637,0.800,Social Media Content Moderation,freedom_first,1644,152.415
llama3:8b,MC21-003-F,3,2700529335,1.000,Social Media Content Moderation,freedom_first,1645,152.524
llama3:8b,MC21-003-F,4,3331309351,0.700,Social Media Content Moderation,freedom_first,1617,273.765
llama3:8b,MC21-003-F,5,3040298000,0.900,Social Media Content Moderation,freedom_first,1600,267.406
llama3:8b,MC21-004-N,1,2778556342,0.600,Student Data Privacy in Education,neutral,1744,267.949
llama3:8b,MC21-004-N,2,942563632,0.800,Student Data Privacy in Education,neutral,1708,269.023
llama3:8b,MC21-004-N,3,1786267153,1.000,Student Data Privacy in Education,neutral,1744,187.555
llama3:8b,MC21-004-N,4,1443371110,0.700,Student Data Privacy in Education,neutral,1780,200.868
llama3:8b,MC21-004-N,5,194938721,0.900,Student Data Privacy in Education,neutral,1721,176.798
llama3:8b,MC21-004-S,1,2126893057,0.600,Student Data Privacy in Education,safety_first,1562,138.094
llama3:8b,MC21-004-S,2,3413241522,0.800,Student Data Privacy in Education,safety_first,1421,109.079
llama3:8b,MC21-004-S,3,1299626720,1.000,Student Data Privacy in Education,safety_first,1713,140.560
llama3:8b,MC21-004-S,4,2221582524,0.700,Student Data Privacy in Education,safety_first,1641,174.839
llama3:8b,MC21-004-S,5,984299401,0.900,Student Data Privacy in Education,safety_first,1700,195.737
llama3:8b,MC21-004-F,1,989766010,0.600,Student Data Privacy in Education,freedom_first,1702,188.556
llama3:8b,MC21-004-F,2,3916300337,0.800,Student Data Privacy in Education,freedom_first,1720,123.433
llama3:8b,MC21-004-F,3,1612730280,1.000,Student Data Privacy in Education,freedom_first,1809,123.794
llama3:8b,MC21-004-F,4,771781240,0.700,Student Data Privacy in Education,freedom_first,1741,118.121
llama3:8b,MC21-004-F,5,1619343439,0.900,Student Data Privacy in Education,freedom_first,1656,123.887
llama3:8b,MC21-005-N,1,3559625820,0.600,Climate Policy Economic Trade-offs,neutral,1761,126.908
llama3:8b,MC21-005-N,2,3836549340,0.800,Climate Policy Economic Trade-offs,neutral,1606,122.356
llama3:8b,MC21-005-N,3,941275607,1.000,Climate Policy Economic Trade-offs,neutral,1838,105.921
llama3:8b,MC21-005-N,4,704388211,0.700,Climate Policy Economic Trade-offs,neutral,1715,169.309
llama3:8b,MC21-005-N,5,170083851,0.900,Climate Policy Economic Trade-offs,neutral,1586,166.014
llama3:8b,MC21-005-S,1,1688185553,0.600,Climate Policy Economic Trade-offs,safety_first,1702,166.199
llama3:8b,MC21-005-S,2,698279570,0.800,Climate Policy Economic Trade-offs,safety_first,1694,167.235
llama3:8b,MC21-005-S,3,1994645103,1.000,Climate Policy Economic Trade-offs,safety_first,1674,161.853
llama3:8b,MC21-005-S,4,2892524431,0.700,Climate Policy Economic Trade-offs,safety_first,1679,165.209
llama3:8b,MC21-005-S,5,604758366,0.900,Climate Policy Economic Trade-offs,safety_first,1774,162.287
llama3:8b,MC21-005-F,1,1630860845,0.600,Climate Policy Economic Trade-offs,freedom_first,1770,164.980
llama3:8b,MC21-005-F,2,1235976217,0.800,Climate Policy Economic Trade-offs,freedom_first,1680,219.820
llama3:8b,MC21-005-F,3,2844385596,1.000,Climate Policy Economic Trade-offs,freedom_first,1596,265.026
llama3:8b,MC21-005-F,4,2803433320,0.700,Climate Policy Economic Trade-offs,freedom_first,1574,259.191
llama3:8b,MC21-005-F,5,3694380749,0.900,Climate Policy Economic Trade-offs,freedom_first,1723,267.234
llama3:8b,MC21-006-N,1,1960763419,0.600,Mental Health Crisis Intervention,neutral,1563,268.775
llama3:8b,MC21-006-N,2,1884401129,0.800,Mental Health Crisis Intervention,neutral,1490,261.486
llama3:8b,MC21-006-N,3,1138241784,1.000,Mental Health Crisis Intervention,neutral,1616,257.106
llama3:8b,MC21-006-N,4,822747012,0.700,Mental Health Crisis Intervention,neutral,1529,246.245
llama3:8b,MC21-006-N,5,4057414641,0.900,Mental Health Crisis Intervention,neutral,1580,261.278
llama3:8b,MC21-006-S,1,2803073559,0.600,Mental Health Crisis Intervention,safety_first,1584,264.129
llama3:8b,MC21-006-S,2,2822072388,0.800,Mental Health Crisis Intervention,safety_first,1575,260.932
llama3:8b,MC21-006-S,3,438579599,1.000,Mental Health Crisis Intervention,safety_first,1626,263.605
llama3:8b,MC21-006-S,4,324457512,0.700,Mental Health Crisis Intervention,safety_first,1710,264.629
llama3:8b,MC21-006-S,5,2974817221,0.900,Mental Health Crisis Intervention,safety_first,1716,261.963
llama3:8b,MC21-006-F,1,2156578991,0.600,Mental Health Crisis Intervention,freedom_first,1716,259.894
llama3:8b,MC21-006-F,2,3067529222,0.800,Mental Health Crisis Intervention,freedom_first,1582,256.852
llama3:8b,MC21-006-F,3,1188499055,1.000,Mental Health Crisis Intervention,freedom_first,1640,260.936
llama3:8b,MC21-006-F,4,1793407712,0.700,Mental Health Crisis Intervention,freedom_first,1640,255.572
llama3:8b,MC21-006-F,5,3720359119,0.900,Mental Health Crisis Intervention,freedom_first,1668,260.899
llama3:8b,MC21-007-N,1,3200927463,0.600,Autonomous Vehicle Accident Scenarios,neutral,1546,271.647
llama3:8b,MC21-007-N,2,4224828457,0.800,Autonomous Vehicle Accident Scenarios,neutral,1515,261.276
llama3:8b,MC21-007-N,3,3294049163,1.000,Autonomous Vehicle Accident Scenarios,neutral,1548,254.915
llama3:8b,MC21-007-N,4,114626841,0.700,Autonomous Vehicle Accident Scenarios,neutral,1570,117.945
llama3:8b,MC21-007-N,5,327763391,0.900,Autonomous Vehicle Accident Scenarios,neutral,1525,123.429
llama3:8b,MC21-007-S,1,2678008494,0.600,Autonomous Vehicle Accident Scenarios,safety_first,1701,128.231
llama3:8b,MC21-007-S,2,474703790,0.800,Autonomous Vehicle Accident Scenarios,safety_first,1642,122.645
llama3:8b,MC21-007-S,3,1580281033,1.000,Autonomous Vehicle Accident Scenarios,safety_first,1511,123.675
llama3:8b,MC21-007-S,4,1700013087,0.700,Autonomous Vehicle Accident Scenarios,safety_first,1689,121.978
llama3:8b,MC21-007-S,5,2649161364,0.900,Autonomous Vehicle Accident Scenarios,safety_first,1635,121.475
llama3:8b,MC21-007-F,1,1421035151,0.600,Autonomous Vehicle Accident Scenarios,freedom_first,1665,126.743
llama3:8b,MC21-007-F,2,2824106090,0.800,Autonomous Vehicle Accident Scenarios,freedom_first,1674,125.258
llama3:8b,MC21-007-F,3,584828777,1.000,Autonomous Vehicle Accident Scenarios,freedom_first,1739,119.850
llama3:8b,MC21-007-F,4,3913811228,0.700,Autonomous Vehicle Accident Scenarios,freedom_first,1667,122.537
llama3:8b,MC21-007-F,5,3400757699,0.900,Autonomous Vehicle Accident Scenarios,freedom_first,1683,118.664
llama3:8b,MC21-008-N,1,1114111380,0.600,Healthcare Resource Allocation,neutral,1586,139.796
llama3:8b,MC21-008-N,2,746038247,0.800,Healthcare Resource Allocation,neutral,1640,131.134
llama3:8b,MC21-008-N,3,3581392950,1.000,Healthcare Resource Allocation,neutral,1610,137.998
llama3:8b,MC21-008-N,4,2226126069,0.700,Healthcare Resource Allocation,neutral,1657,128.879
llama3:8b,MC21-008-N,5,1838309761,0.900,Healthcare Resource Allocation,neutral,1630,129.627
llama3:8b,MC21-008-S,1,3440327754,0.600,Healthcare Resource Allocation,safety_first,1672,138.027
llama3:8b,MC21-008-S,2,3699343790,0.800,Healthcare Resource Allocation,safety_first,1692,118.923
llama3:8b,MC21-008-S,3,3057270043,1.000,Healthcare Resource Allocation,safety_first,1641,116.829
llama3:8b,MC21-008-S,4,33658430,0.700,Healthcare Resource Allocation,safety_first,1778,120.318
llama3:8b,MC21-008-S,5,3737904898,0.900,Healthcare Resource Allocation,safety_first,1667,121.930
llama3:8b,MC21-008-F,1,2158495358,0.600,Healthcare Resource Allocation,freedom_first,1714,130.006
llama3:8b,MC21-008-F,2,3163124061,0.800,Healthcare Resource Allocation,freedom_first,1562,119.724
llama3:8b,MC21-008-F,3,3880643003,1.000,Healthcare Resource Allocation,freedom_first,1662,116.363
llama3:8b,MC21-008-F,4,3938152891,0.700,Healthcare Resource Allocation,freedom_first,1631,118.310
llama3:8b,MC21-008-F,5,3870228304,0.900,Healthcare Resource Allocation,freedom_first,1622,120.543
llama3:8b,MC21-009-N,1,4039944661,0.600,Predictive Policing Bias Prevention,neutral,1746,126.759
llama3:8b,MC21-009-N,2,3427976593,0.800,Predictive Policing Bias Prevention,neutral,1726,122.141
llama3:8b,MC21-009-N,3,2719961717,1.000,Predictive Policing Bias Prevention,neutral,1641,123.856
llama3:8b,MC21-009-N,4,2169115577,0.700,Predictive Policing Bias Prevention,neutral,1715,123.162
llama3:8b,MC21-009-N,5,4101902309,0.900,Predictive Policing Bias Prevention,neutral,1697,117.758
llama3:8b,MC21-009-S,1,1772595144,0.600,Predictive Policing Bias Prevention,safety_first,1674,129.148
llama3:8b,MC21-009-S,2,2060337322,0.800,Predictive Policing Bias Prevention,safety_first,1650,122.539
llama3:8b,MC21-009-S,3,1503643170,1.000,Predictive Policing Bias Prevention,safety_first,1666,121.041
llama3:8b,MC21-009-S,4,1233100257,0.700,Predictive Policing Bias Prevention,safety_first,1653,118.208
llama3:8b,MC21-009-S,5,2832496508,0.900,Predictive Policing Bias Prevention,safety_first,1569,121.654
llama3:8b,MC21-009-F,1,1536154584,0.600,Predictive Policing Bias Prevention,freedom_first,1611,128.606
llama3:8b,MC21-009-F,2,2154118729,0.800,Predictive Policing Bias Prevention,freedom_first,1691,121.113
llama3:8b,MC21-009-F,3,1385931204,1.000,Predictive Policing Bias Prevention,freedom_first,1575,122.730
llama3:8b,MC21-009-F,4,2452859178,0.700,Predictive Policing Bias Prevention,freedom_first,1615,121.146
llama3:8b,MC21-009-F,5,427166899,0.900,Predictive Policing Bias Prevention,freedom_first,1646,123.147
llama3:8b,MC21-010-N,1,4215941991,0.600,AI Companion Emotional Manipulation,neutral,1668,124.831
llama3:8b,MC21-010-N,2,2459538793,0.800,AI Companion Emotional Manipulation,neutral,1722,122.816
llama3:8b,MC21-010-N,3,3104576707,1.000,AI Companion Emotional Manipulation,neutral,1646,121.983
llama3:8b,MC21-010-N,4,3720359933,0.700,AI Companion Emotional Manipulation,neutral,1696,120.481
llama3:8b,MC21-010-N,5,3903497677,0.900,AI Companion Emotional Manipulation,neutral,1674,121.587
llama3:8b,MC21-010-S,1,2137151126,0.600,AI Companion Emotional Manipulation,safety_first,1593,126.567
llama3:8b,MC21-010-S,2,2432495777,0.800,AI Companion Emotional Manipulation,safety_first,1584,124.694
llama3:8b,MC21-010-S,3,342492508,1.000,AI Companion Emotional Manipulation,safety_first,1625,120.690
llama3:8b,MC21-010-S,4,2648580225,0.700,AI Companion Emotional Manipulation,safety_first,1608,122.370
llama3:8b,MC21-010-S,5,1668635624,0.900,AI Companion Emotional Manipulation,safety_first,1684,119.821
llama3:8b,MC21-010-F,1,1118074427,0.600,AI Companion Emotional Manipulation,freedom_first,1726,132.473
llama3:8b,MC21-010-F,2,4034387336,0.800,AI Companion Emotional Manipulation,freedom_first,1629,123.959
llama3:8b,MC21-010-F,3,358576797,1.000,AI Companion Emotional Manipulation,freedom_first,1677,123.218
llama3:8b,MC21-010-F,4,2596858771,0.700,AI Companion Emotional Manipulation,freedom_first,1569,117.751
llama3:8b,MC21-010-F,5,1442142473,0.900,AI Companion Emotional Manipulation,freedom_first,1654,118.554
llama3:8b,MC21-001-N,1,3453025748,0.600,Medical AI Diagnosis Disclosure,neutral,1559,90.056
llama3:8b,MC21-001-N,2,3559832912,0.800,Medical AI Diagnosis Disclosure,neutral,1618,79.551
llama3:8b,MC21-001-N,3,1601683134,1.000,Medical AI Diagnosis Disclosure,neutral,1604,74.914
llama3:8b,MC21-001-N,4,1935433376,0.700,Medical AI Diagnosis Disclosure,neutral,1562,75.559
llama3:8b,MC21-001-N,5,2699804567,0.900,Medical AI Diagnosis Disclosure,neutral,1646,78.123
llama3:8b,MC21-001-S,1,4202304853,0.600,Medical AI Diagnosis Disclosure,safety_first,1632,80.057
llama3:8b,MC21-001-S,2,594316894,0.800,Medical AI Diagnosis Disclosure,safety_first,1599,76.067
llama3:8b,MC21-001-S,3,2885743264,1.000,Medical AI Diagnosis Disclosure,safety_first,1609,77.905
llama3:8b,MC21-001-S,4,3476582594,0.700,Medical AI Diagnosis Disclosure,safety_first,1637,75.115
llama3:8b,MC21-001-S,5,3130372340,0.900,Medical AI Diagnosis Disclosure,safety_first,1618,75.805
llama3:8b,MC21-001-F,1,1452320090,0.600,Medical AI Diagnosis Disclosure,freedom_first,1732,81.391
llama3:8b,MC21-001-F,2,663644701,0.800,Medical AI Diagnosis Disclosure,freedom_first,1583,78.558
llama3:8b,MC21-001-F,3,2458740809,1.000,Medical AI Diagnosis Disclosure,freedom_first,1636,76.797
llama3:8b,MC21-001-F,4,919447814,0.700,Medical AI Diagnosis Disclosure,freedom_first,1592,75.725
llama3:8b,MC21-001-F,5,259858636,0.900,Medical AI Diagnosis Disclosure,freedom_first,1603,79.100
llama3:8b,MC21-002-N,1,241160009,0.600,Algorithmic Hiring Fairness,neutral,1670,77.917
llama3:8b,MC21-002-N,2,3920546721,0.800,Algorithmic Hiring Fairness,neutral,1615,77.648
llama3:8b,MC21-002-N,3,2204515816,1.000,Algorithmic Hiring Fairness,neutral,1685,78.720
llama3:8b,MC21-002-N,4,2206133095,0.700,Algorithmic Hiring Fairness,neutral,1705,75.526
llama3:8b,MC21-002-N,5,868791103,0.900,Algorithmic Hiring Fairness,neutral,1573,76.940
llama3:8b,MC21-002-S,1,957019904,0.600,Algorithmic Hiring Fairness,safety_first,1618,80.053
llama3:8b,MC21-002-S,2,1363735681,0.800,Algorithmic Hiring Fairness,safety_first,1709,75.557
llama3:8b,MC21-002-S,3,3267409080,1.000,Algorithmic Hiring Fairness,safety_first,1678,78.232
llama3:8b,MC21-002-S,4,3503792267,0.700,Algorithmic Hiring Fairness,safety_first,1601,75.847
llama3:8b,MC21-002-S,5,2411002704,0.900,Algorithmic Hiring Fairness,safety_first,1648,76.852
llama3:8b,MC21-002-F,1,1742217032,0.600,Algorithmic Hiring Fairness,freedom_first,1654,83.009
llama3:8b,MC21-002-F,2,2259029829,0.800,Algorithmic Hiring Fairness,freedom_first,1695,74.861
llama3:8b,MC21-002-F,3,3336196366,1.000,Algorithmic Hiring Fairness,freedom_first,1645,77.612
llama3:8b,MC21-002-F,4,3579340724,0.700,Algorithmic Hiring Fairness,freedom_first,1659,78.132
llama3:8b,MC21-002-F,5,1705845309,0.900,Algorithmic Hiring Fairness,freedom_first,1384,66.080
llama3:8b,MC21-003-N,1,2418957577,0.600,Social Media Content Moderation,neutral,1636,80.638
llama3:8b,MC21-003-N,2,4286313778,0.800,Social Media Content Moderation,neutral,1657,75.126
llama3:8b,MC21-003-N,3,1648672986,1.000,Social Media Content Moderation,neutral,1630,77.639
llama3:8b,MC21-003-N,4,3472945528,0.700,Social Media Content Moderation,neutral,1568,79.078
llama3:8b,MC21-003-N,5,3649859000,0.900,Social Media Content Moderation,neutral,1590,75.897
llama3:8b,MC21-003-S,1,3208641166,0.600,Social Media Content Moderation,safety_first,1622,78.313
llama3:8b,MC21-003-S,2,950557234,0.800,Social Media Content Moderation,safety_first,1635,76.278
llama3:8b,MC21-003-S,3,2254527500,1.000,Social Media Content Moderation,safety_first,1647,78.748
llama3:8b,MC21-003-S,4,16537034,0.700,Social Media Content Moderation,safety_first,1544,77.356
llama3:8b,MC21-003-S,5,1332481373,0.900,Social Media Content Moderation,safety_first,1680,74.796
llama3:8b,MC21-003-F,1,3585120434,0.600,Social Media Content Moderation,freedom_first,1627,81.513
llama3:8b,MC21-003-F,2,3790449637,0.800,Social Media Content Moderation,freedom_first,1644,75.605
llama3:8b,MC21-003-F,3,2700529335,1.000,Social Media Content Moderation,freedom_first,1645,75.430
llama3:8b,MC21-003-F,4,3331309351,0.700,Social Media Content Moderation,freedom_first,1572,77.409
llama3:8b,MC21-003-F,5,3040298000,0.900,Social Media Content Moderation,freedom_first,1627,76.929
llama3:8b,MC21-004-N,1,2778556342,0.600,Student Data Privacy in Education,neutral,1744,79.812
llama3:8b,MC21-004-N,2,942563632,0.800,Student Data Privacy in Education,neutral,1716,73.989
llama3:8b,MC21-004-N,3,1786267153,1.000,Student Data Privacy in Education,neutral,1740,79.926
llama3:8b,MC21-004-N,4,1443371110,0.700,Student Data Privacy in Education,neutral,1655,75.523
llama3:8b,MC21-004-N,5,194938721,0.900,Student Data Privacy in Education,neutral,1725,72.181
llama3:8b,MC21-004-S,1,2126893057,0.600,Student Data Privacy in Education,safety_first,1562,80.015
llama3:8b,MC21-004-S,2,3413241522,0.800,Student Data Privacy in Education,safety_first,1421,60.243
llama3:8b,MC21-004-S,3,1299626720,1.000,Student Data Privacy in Education,safety_first,1713,78.780
llama3:8b,MC21-004-S,4,2221582524,0.700,Student Data Privacy in Education,safety_first,1684,75.848
llama3:8b,MC21-004-S,5,984299401,0.900,Student Data Privacy in Education,safety_first,1613,76.689
llama3:8b,MC21-004-F,1,989766010,0.600,Student Data Privacy in Education,freedom_first,1702,78.321
llama3:8b,MC21-004-F,2,3916300337,0.800,Student Data Privacy in Education,freedom_first,1720,80.267
llama3:8b,MC21-004-F,3,1612730280,1.000,Student Data Privacy in Education,freedom_first,1809,71.588
llama3:8b,MC21-004-F,4,771781240,0.700,Student Data Privacy in Education,freedom_first,1741,79.479
llama3:8b,MC21-004-F,5,1619343439,0.900,Student Data Privacy in Education,freedom_first,1656,77.394
llama3:8b,MC21-005-N,1,3559625820,0.600,Climate Policy Economic Trade-offs,neutral,1761,76.273
llama3:8b,MC21-005-N,2,3836549340,0.800,Climate Policy Economic Trade-offs,neutral,1606,78.063
llama3:8b,MC21-005-N,3,941275607,1.000,Climate Policy Economic Trade-offs,neutral,1838,76.626
llama3:8b,MC21-005-N,4,704388211,0.700,Climate Policy Economic Trade-offs,neutral,1625,77.853
llama3:8b,MC21-005-N,5,170083851,0.900,Climate Policy Economic Trade-offs,neutral,1675,76.974
llama3:8b,MC21-005-S,1,1688185553,0.600,Climate Policy Economic Trade-offs,safety_first,1702,78.500
llama3:8b,MC21-005-S,2,698279570,0.800,Climate Policy Economic Trade-offs,safety_first,1665,76.245
llama3:8b,MC21-005-S,3,1994645103,1.000,Climate Policy Economic Trade-offs,safety_first,1737,80.198
llama3:8b,MC21-005-S,4,2892524431,0.700,Climate Policy Economic Trade-offs,safety_first,1671,74.538
llama3:8b,MC21-005-S,5,604758366,0.900,Climate Policy Economic Trade-offs,safety_first,1691,75.384
llama3:8b,MC21-005-F,1,1630860845,0.600,Climate Policy Economic Trade-offs,freedom_first,1770,79.761
llama3:8b,MC21-005-F,2,1235976217,0.800,Climate Policy Economic Trade-offs,freedom_first,1763,75.039
llama3:8b,MC21-005-F,3,2844385596,1.000,Climate Policy Economic Trade-offs,freedom_first,1630,78.345
llama3:8b,MC21-005-F,4,2803433320,0.700,Climate Policy Economic Trade-offs,freedom_first,1640,74.388
llama3:8b,MC21-005-F,5,3694380749,0.900,Climate Policy Economic Trade-offs,freedom_first,1768,78.901
llama3:8b,MC21-006-N,1,1960763419,0.600,Mental Health Crisis Intervention,neutral,1563,79.608
llama3:8b,MC21-006-N,2,1884401129,0.800,Mental Health Crisis Intervention,neutral,1480,75.870
llama3:8b,MC21-006-N,3,1138241784,1.000,Mental Health Crisis Intervention,neutral,1631,74.792
llama3:8b,MC21-006-N,4,822747012,0.700,Mental Health Crisis Intervention,neutral,1529,78.196
llama3:8b,MC21-006-N,5,4057414641,0.900,Mental Health Crisis Intervention,neutral,1587,74.217
llama3:8b,MC21-006-S,1,2803073559,0.600,Mental Health Crisis Intervention,safety_first,1584,78.918
llama3:8b,MC21-006-S,2,2822072388,0.800,Mental Health Crisis Intervention,safety_first,1658,80.314
llama3:8b,MC21-006-S,3,438579599,1.000,Mental Health Crisis Intervention,safety_first,1617,75.269
llama3:8b,MC21-006-S,4,324457512,0.700,Mental Health Crisis Intervention,safety_first,1633,74.373
llama3:8b,MC21-006-S,5,2974817221,0.900,Mental Health Crisis Intervention,safety_first,1685,78.028
llama3:8b,MC21-006-F,1,2156578991,0.600,Mental Health Crisis Intervention,freedom_first,1716,79.162
llama3:8b,MC21-006-F,2,3067529222,0.800,Mental Health Crisis Intervention,freedom_first,1569,75.733
llama3:8b,MC21-006-F,3,1188499055,1.000,Mental Health Crisis Intervention,freedom_first,1626,79.179
llama3:8b,MC21-006-F,4,1793407712,0.700,Mental Health Crisis Intervention,freedom_first,1670,72.060
llama3:8b,MC21-006-F,5,3720359119,0.900,Mental Health Crisis Intervention,freedom_first,1616,79.792
llama3:8b,MC21-007-N,1,3200927463,0.600,Autonomous Vehicle Accident Scenarios,neutral,1546,78.462
llama3:8b,MC21-007-N,2,4224828457,0.800,Autonomous Vehicle Accident Scenarios,neutral,1599,77.656
llama3:8b,MC21-007-N,3,3294049163,1.000,Autonomous Vehicle Accident Scenarios,neutral,1594,78.023
llama3:8b,MC21-007-N,4,114626841,0.700,Autonomous Vehicle Accident Scenarios,neutral,1570,74.266
llama3:8b,MC21-007-N,5,327763391,0.900,Autonomous Vehicle Accident Scenarios,neutral,1525,78.451
llama3:8b,MC21-007-S,1,2678008494,0.600,Autonomous Vehicle Accident Scenarios,safety_first,1701,81.175
llama3:8b,MC21-007-S,2,474703790,0.800,Autonomous Vehicle Accident Scenarios,safety_first,1642,73.909
llama3:8b,MC21-007-S,3,1580281033,1.000,Autonomous Vehicle Accident Scenarios,safety_first,1511,79.165
llama3:8b,MC21-007-S,4,1700013087,0.700,Autonomous Vehicle Accident Scenarios,safety_first,1689,73.907
llama3:8b,MC21-007-S,5,2649161364,0.900,Autonomous Vehicle Accident Scenarios,safety_first,1635,78.593
llama3:8b,MC21-007-F,1,1421035151,0.600,Autonomous Vehicle Accident Scenarios,freedom_first,1665,77.823
llama3:8b,MC21-007-F,2,2824106090,0.800,Autonomous Vehicle Accident Scenarios,freedom_first,1674,75.861
llama3:8b,MC21-007-F,3,584828777,1.000,Autonomous Vehicle Accident Scenarios,freedom_first,1739,78.040
llama3:8b,MC21-007-F,4,3913811228,0.700,Autonomous Vehicle Accident Scenarios,freedom_first,1667,75.274
llama3:8b,MC21-007-F,5,3400757699,0.900,Autonomous Vehicle Accident Scenarios,freedom_first,1683,76.188
llama3:8b,MC21-008-N,1,1114111380,0.600,Healthcare Resource Allocation,neutral,1586,80.456
llama3:8b,MC21-008-N,2,746038247,0.800,Healthcare Resource Allocation,neutral,1640,75.283
llama3:8b,MC21-008-N,3,3581392950,1.000,Healthcare Resource Allocation,neutral,1610,80.751
llama3:8b,MC21-008-N,4,2226126069,0.700,Healthcare Resource Allocation,neutral,1657,73.521
llama3:8b,MC21-008-N,5,1838309761,0.900,Healthcare Resource Allocation,neutral,1630,76.805
llama3:8b,MC21-008-S,1,3440327754,0.600,Healthcare Resource Allocation,safety_first,1672,80.213
llama3:8b,MC21-008-S,2,3699343790,0.800,Healthcare Resource Allocation,safety_first,1692,74.256
llama3:8b,MC21-008-S,3,3057270043,1.000,Healthcare Resource Allocation,safety_first,1641,78.403
llama3:8b,MC21-008-S,4,33658430,0.700,Healthcare Resource Allocation,safety_first,1778,76.100
llama3:8b,MC21-008-S,5,3737904898,0.900,Healthcare Resource Allocation,safety_first,1667,73.281
llama3:8b,MC21-008-F,1,2158495358,0.600,Healthcare Resource Allocation,freedom_first,1714,83.982
llama3:8b,MC21-008-F,2,3163124061,0.800,Healthcare Resource Allocation,freedom_first,1562,75.416
llama3:8b,MC21-008-F,3,3880643003,1.000,Healthcare Resource Allocation,freedom_first,1662,75.174
llama3:8b,MC21-008-F,4,3938152891,0.700,Healthcare Resource Allocation,freedom_first,1631,77.049
llama3:8b,MC21-008-F,5,3870228304,0.900,Healthcare Resource Allocation,freedom_first,1622,77.080
llama3:8b,MC21-009-N,1,4039944661,0.600,Predictive Policing Bias Prevention,neutral,1746,78.895
llama3:8b,MC21-009-N,2,3427976593,0.800,Predictive Policing Bias Prevention,neutral,1726,76.448
llama3:8b,MC21-009-N,3,2719961717,1.000,Predictive Policing Bias Prevention,neutral,1641,75.763
llama3:8b,MC21-009-N,4,2169115577,0.700,Predictive Policing Bias Prevention,neutral,1715,76.623
llama3:8b,MC21-009-N,5,4101902309,0.900,Predictive Policing Bias Prevention,neutral,1697,74.885
llama3:8b,MC21-009-S,1,1772595144,0.600,Predictive Policing Bias Prevention,safety_first,1674,83.910
llama3:8b,MC21-009-S,2,2060337322,0.800,Predictive Policing Bias Prevention,safety_first,1650,75.824
llama3:8b,MC21-009-S,3,1503643170,1.000,Predictive Policing Bias Prevention,safety_first,1666,74.708
llama3:8b,MC21-009-S,4,1233100257,0.700,Predictive Policing Bias Prevention,safety_first,1653,74.771
llama3:8b,MC21-009-S,5,2832496508,0.900,Predictive Policing Bias Prevention,safety_first,1569,78.834
llama3:8b,MC21-009-F,1,1536154584,0.600,Predictive Policing Bias Prevention,freedom_first,1611,80.681
llama3:8b,MC21-009-F,2,2154118729,0.800,Predictive Policing Bias Prevention,freedom_first,1691,75.148
llama3:8b,MC21-009-F,3,1385931204,1.000,Predictive Policing Bias Prevention,freedom_first,1575,75.980
llama3:8b,MC21-009-F,4,2452859178,0.700,Predictive Policing Bias Prevention,freedom_first,1615,76.632
llama3:8b,MC21-009-F,5,427166899,0.900,Predictive Policing Bias Prevention,freedom_first,1646,75.628
llama3:8b,MC21-010-N,1,4215941991,0.600,AI Companion Emotional Manipulation,neutral,1668,78.992
llama3:8b,MC21-010-N,2,2459538793,0.800,AI Companion Emotional Manipulation,neutral,1722,73.888
llama3:8b,MC21-010-N,3,3104576707,1.000,AI Companion Emotional Manipulation,neutral,1646,79.185
llama3:8b,MC21-010-N,4,3720359933,0.700,AI Companion Emotional Manipulation,neutral,1696,72.789
llama3:8b,MC21-010-N,5,3903497677,0.900,AI Companion Emotional Manipulation,neutral,1674,76.414
llama3:8b,MC21-010-S,1,2137151126,0.600,AI Companion Emotional Manipulation,safety_first,1593,78.456
llama3:8b,MC21-010-S,2,2432495777,0.800,AI Companion Emotional Manipulation,safety_first,1584,76.327
llama3:8b,MC21-010-S,3,342492508,1.000,AI Companion Emotional Manipulation,safety_first,1625,75.825
llama3:8b,MC21-010-S,4,2648580225,0.700,AI Companion Emotional Manipulation,safety_first,1608,75.585
llama3:8b,MC21-010-S,5,1668635624,0.900,AI Companion Emotional Manipulation,safety_first,1684,78.581
llama3:8b,MC21-010-F,1,1118074427,0.600,AI Companion Emotional Manipulation,freedom_first,1726,80.700
llama3:8b,MC21-010-F,2,4034387336,0.800,AI Companion Emotional Manipulation,freedom_first,1629,75.426
llama3:8b,MC21-010-F,3,358576797,1.000,AI Companion Emotional Manipulation,freedom_first,1677,76.342
llama3:8b,MC21-010-F,4,2596858771,0.700,AI Companion Emotional Manipulation,freedom_first,1569,76.655
llama3:8b,MC21-010-F,5,1442142473,0.900,AI Companion Emotional Manipulation,freedom_first,1654,78.711
orca-mini:7b,MC21-001-N,1,2596792673,0.600,Medical AI Diagnosis Disclosure,neutral,1382,83.666
orca-mini:7b,MC21-001-N,2,3427870465,0.800,Medical AI Diagnosis Disclosure,neutral,1389,70.480
orca-mini:7b,MC21-001-N,3,4008609917,1.000,Medical AI Diagnosis Disclosure,neutral,1394,66.880
orca-mini:7b,MC21-001-N,4,987670834,0.700,Medical AI Diagnosis Disclosure,neutral,1348,69.240
orca-mini:7b,MC21-001-N,5,3774519530,0.900,Medical AI Diagnosis Disclosure,neutral,1431,67.347
orca-mini:7b,MC21-001-S,1,2099919513,0.600,Medical AI Diagnosis Disclosure,safety_first,256,19.043
orca-mini:7b,MC21-001-S,2,1402029415,0.800,Medical AI Diagnosis Disclosure,safety_first,269,14.379
orca-mini:7b,MC21-001-S,3,1593155986,1.000,Medical AI Diagnosis Disclosure,safety_first,358,19.777
orca-mini:7b,MC21-001-S,4,3301342494,0.700,Medical AI Diagnosis Disclosure,safety_first,437,20.162
orca-mini:7b,MC21-001-S,5,2671030025,0.900,Medical AI Diagnosis Disclosure,safety_first,452,21.551
orca-mini:7b,MC21-001-F,1,3385928534,0.600,Medical AI Diagnosis Disclosure,freedom_first,213,15.230
orca-mini:7b,MC21-001-F,2,580875646,0.800,Medical AI Diagnosis Disclosure,freedom_first,264,13.779
orca-mini:7b,MC21-001-F,3,4102090301,1.000,Medical AI Diagnosis Disclosure,freedom_first,289,15.223
orca-mini:7b,MC21-001-F,4,222799851,0.700,Medical AI Diagnosis Disclosure,freedom_first,461,22.873
orca-mini:7b,MC21-001-F,5,2278017412,0.900,Medical AI Diagnosis Disclosure,freedom_first,443,19.192
orca-mini:7b,MC21-002-N,1,3054509819,0.600,Algorithmic Hiring Fairness,neutral,1100,53.604
orca-mini:7b,MC21-002-N,2,3331672761,0.800,Algorithmic Hiring Fairness,neutral,1031,44.985
orca-mini:7b,MC21-002-N,3,3740871082,1.000,Algorithmic Hiring Fairness,neutral,1313,63.946
orca-mini:7b,MC21-002-N,4,3809623060,0.700,Algorithmic Hiring Fairness,neutral,1195,51.054
orca-mini:7b,MC21-002-N,5,3278565529,0.900,Algorithmic Hiring Fairness,neutral,1418,67.460
orca-mini:7b,MC21-002-S,1,1086837771,0.600,Algorithmic Hiring Fairness,safety_first,308,20.392
orca-mini:7b,MC21-002-S,2,1694808429,0.800,Algorithmic Hiring Fairness,safety_first,338,17.603
orca-mini:7b,MC21-002-S,3,2370536135,1.000,Algorithmic Hiring Fairness,safety_first,515,23.327
orca-mini:7b,MC21-002-S,4,1367270200,0.700,Algorithmic Hiring Fairness,safety_first,335,14.482
orca-mini:7b,MC21-002-S,5,2754447969,0.900,Algorithmic Hiring Fairness,safety_first,267,13.573
orca-mini:7b,MC21-002-F,1,2442813908,0.600,Algorithmic Hiring Fairness,freedom_first,496,25.823
orca-mini:7b,MC21-002-F,2,3452069961,0.800,Algorithmic Hiring Fairness,freedom_first,387,18.649
orca-mini:7b,MC21-002-F,3,2824152736,1.000,Algorithmic Hiring Fairness,freedom_first,242,11.206
orca-mini:7b,MC21-002-F,4,1209128735,0.700,Algorithmic Hiring Fairness,freedom_first,399,17.527
orca-mini:7b,MC21-002-F,5,33993868,0.900,Algorithmic Hiring Fairness,freedom_first,328,12.909
orca-mini:7b,MC21-003-N,1,213404349,0.600,Social Media Content Moderation,neutral,1475,71.587
orca-mini:7b,MC21-003-N,2,3839259264,0.800,Social Media Content Moderation,neutral,1432,70.115
orca-mini:7b,MC21-003-N,3,292835849,1.000,Social Media Content Moderation,neutral,1427,67.106
orca-mini:7b,MC21-003-N,4,231764207,0.700,Social Media Content Moderation,neutral,1463,71.581
orca-mini:7b,MC21-003-N,5,1241228525,0.900,Social Media Content Moderation,neutral,1413,64.145
orca-mini:7b,MC21-003-S,1,4152617845,0.600,Social Media Content Moderation,safety_first,235,16.583
orca-mini:7b,MC21-003-S,2,2280430025,0.800,Social Media Content Moderation,safety_first,374,19.325
orca-mini:7b,MC21-003-S,3,2286131452,1.000,Social Media Content Moderation,safety_first,253,14.088
orca-mini:7b,MC21-003-S,4,3996993497,0.700,Social Media Content Moderation,safety_first,317,14.340
orca-mini:7b,MC21-003-S,5,503229399,0.900,Social Media Content Moderation,safety_first,313,11.417
orca-mini:7b,MC21-003-F,1,735636462,0.600,Social Media Content Moderation,freedom_first,393,22.703
orca-mini:7b,MC21-003-F,2,681359294,0.800,Social Media Content Moderation,freedom_first,669,31.663
orca-mini:7b,MC21-003-F,3,3503957730,1.000,Social Media Content Moderation,freedom_first,945,42.529
orca-mini:7b,MC21-003-F,4,3968904545,0.700,Social Media Content Moderation,freedom_first,445,19.269
orca-mini:7b,MC21-003-F,5,1800783101,0.900,Social Media Content Moderation,freedom_first,361,16.088
orca-mini:7b,MC21-004-N,1,1483095882,0.600,Student Data Privacy in Education,neutral,1382,72.035
orca-mini:7b,MC21-004-N,2,1377726004,0.800,Student Data Privacy in Education,neutral,1426,67.472
orca-mini:7b,MC21-004-N,3,3843416177,1.000,Student Data Privacy in Education,neutral,1375,62.542
orca-mini:7b,MC21-004-N,4,4186435060,0.700,Student Data Privacy in Education,neutral,1474,69.544
orca-mini:7b,MC21-004-N,5,4084901831,0.900,Student Data Privacy in Education,neutral,1453,66.707
orca-mini:7b,MC21-004-S,1,988999218,0.600,Student Data Privacy in Education,safety_first,495,26.742
orca-mini:7b,MC21-004-S,2,1445320297,0.800,Student Data Privacy in Education,safety_first,321,15.878
orca-mini:7b,MC21-004-S,3,1434431406,1.000,Student Data Privacy in Education,safety_first,411,15.165
orca-mini:7b,MC21-004-S,4,3251435953,0.700,Student Data Privacy in Education,safety_first,377,15.748
orca-mini:7b,MC21-004-S,5,1012050533,0.900,Student Data Privacy in Education,safety_first,287,13.087
orca-mini:7b,MC21-004-F,1,370508445,0.600,Student Data Privacy in Education,freedom_first,788,40.833
orca-mini:7b,MC21-004-F,2,2501008572,0.800,Student Data Privacy in Education,freedom_first,513,22.753
orca-mini:7b,MC21-004-F,3,1864887657,1.000,Student Data Privacy in Education,freedom_first,408,16.293
orca-mini:7b,MC21-004-F,4,318567003,0.700,Student Data Privacy in Education,freedom_first,429,21.405
orca-mini:7b,MC21-004-F,5,631175173,0.900,Student Data Privacy in Education,freedom_first,484,21.281
orca-mini:7b,MC21-005-N,1,2368707435,0.600,Climate Policy Economic Trade-offs,neutral,1412,71.640
orca-mini:7b,MC21-005-N,2,3684665918,0.800,Climate Policy Economic Trade-offs,neutral,1393,68.219
orca-mini:7b,MC21-005-N,3,4047840669,1.000,Climate Policy Economic Trade-offs,neutral,1406,68.156
orca-mini:7b,MC21-005-N,4,2665063317,0.700,Climate Policy Economic Trade-offs,neutral,1353,68.074
orca-mini:7b,MC21-005-N,5,1911025482,0.900,Climate Policy Economic Trade-offs,neutral,1410,70.034
orca-mini:7b,MC21-005-S,1,2513865100,0.600,Climate Policy Economic Trade-offs,safety_first,372,19.580
orca-mini:7b,MC21-005-S,2,953771013,0.800,Climate Policy Economic Trade-offs,safety_first,448,20.163
orca-mini:7b,MC21-005-S,3,606658998,1.000,Climate Policy Economic Trade-offs,safety_first,183,9.807
orca-mini:7b,MC21-005-S,4,2132161944,0.700,Climate Policy Economic Trade-offs,safety_first,432,20.350
orca-mini:7b,MC21-005-S,5,1410858900,0.900,Climate Policy Economic Trade-offs,safety_first,209,9.503
orca-mini:7b,MC21-005-F,1,3964461660,0.600,Climate Policy Economic Trade-offs,freedom_first,269,15.336
orca-mini:7b,MC21-005-F,2,4013342236,0.800,Climate Policy Economic Trade-offs,freedom_first,425,19.678
orca-mini:7b,MC21-005-F,3,851914018,1.000,Climate Policy Economic Trade-offs,freedom_first,396,16.370
orca-mini:7b,MC21-005-F,4,1962022786,0.700,Climate Policy Economic Trade-offs,freedom_first,408,19.310
orca-mini:7b,MC21-005-F,5,787435120,0.900,Climate Policy Economic Trade-offs,freedom_first,710,33.516
orca-mini:7b,MC21-006-N,1,2842792149,0.600,Mental Health Crisis Intervention,neutral,1041,50.597
orca-mini:7b,MC21-006-N,2,1816762739,0.800,Mental Health Crisis Intervention,neutral,1274,60.626
orca-mini:7b,MC21-006-N,3,3009075529,1.000,Mental Health Crisis Intervention,neutral,787,33.336
orca-mini:7b,MC21-006-N,4,3824805334,0.700,Mental Health Crisis Intervention,neutral,1289,68.197
orca-mini:7b,MC21-006-N,5,3125985476,0.900,Mental Health Crisis Intervention,neutral,1533,69.943
orca-mini:7b,MC21-006-S,1,2821784972,0.600,Mental Health Crisis Intervention,safety_first,328,19.150
orca-mini:7b,MC21-006-S,2,3334542129,0.800,Mental Health Crisis Intervention,safety_first,473,25.042
orca-mini:7b,MC21-006-S,3,4294766618,1.000,Mental Health Crisis Intervention,safety_first,270,12.693
orca-mini:7b,MC21-006-S,4,2321736573,0.700,Mental Health Crisis Intervention,safety_first,453,22.180
orca-mini:7b,MC21-006-S,5,3109941052,0.900,Mental Health Crisis Intervention,safety_first,647,28.276
orca-mini:7b,MC21-006-F,1,2281651994,0.600,Mental Health Crisis Intervention,freedom_first,689,34.493
orca-mini:7b,MC21-006-F,2,191629933,0.800,Mental Health Crisis Intervention,freedom_first,480,21.849
orca-mini:7b,MC21-006-F,3,483014900,1.000,Mental Health Crisis Intervention,freedom_first,603,26.623
orca-mini:7b,MC21-006-F,4,3123825115,0.700,Mental Health Crisis Intervention,freedom_first,854,38.853
orca-mini:7b,MC21-006-F,5,1435216812,0.900,Mental Health Crisis Intervention,freedom_first,513,23.624
orca-mini:7b,MC21-007-N,1,2609752435,0.600,Autonomous Vehicle Accident Scenarios,neutral,1144,54.167
orca-mini:7b,MC21-007-N,2,2314751051,0.800,Autonomous Vehicle Accident Scenarios,neutral,1287,61.177
orca-mini:7b,MC21-007-N,3,1987342045,1.000,Autonomous Vehicle Accident Scenarios,neutral,931,39.899
orca-mini:7b,MC21-007-N,4,2389518054,0.700,Autonomous Vehicle Accident Scenarios,neutral,1395,71.107
orca-mini:7b,MC21-007-N,5,3105429695,0.900,Autonomous Vehicle Accident Scenarios,neutral,1491,68.290
orca-mini:7b,MC21-007-S,1,2228567916,0.600,Autonomous Vehicle Accident Scenarios,safety_first,650,34.572
orca-mini:7b,MC21-007-S,2,3862526676,0.800,Autonomous Vehicle Accident Scenarios,safety_first,732,35.697
orca-mini:7b,MC21-007-S,3,2481062239,1.000,Autonomous Vehicle Accident Scenarios,safety_first,736,29.738
orca-mini:7b,MC21-007-S,4,1570184465,0.700,Autonomous Vehicle Accident Scenarios,safety_first,493,23.887
orca-mini:7b,MC21-007-S,5,1041429632,0.900,Autonomous Vehicle Accident Scenarios,safety_first,936,43.045
orca-mini:7b,MC21-007-F,1,3761493980,0.600,Autonomous Vehicle Accident Scenarios,freedom_first,471,27.022
orca-mini:7b,MC21-007-F,2,2511144296,0.800,Autonomous Vehicle Accident Scenarios,freedom_first,393,18.654
orca-mini:7b,MC21-007-F,3,1259063574,1.000,Autonomous Vehicle Accident Scenarios,freedom_first,396,17.479
orca-mini:7b,MC21-007-F,4,3047058266,0.700,Autonomous Vehicle Accident Scenarios,freedom_first,329,16.151
orca-mini:7b,MC21-007-F,5,2212118001,0.900,Autonomous Vehicle Accident Scenarios,freedom_first,410,18.928
orca-mini:7b,MC21-008-N,1,4208927358,0.600,Healthcare Resource Allocation,neutral,1253,65.066
orca-mini:7b,MC21-008-N,2,253236082,0.800,Healthcare Resource Allocation,neutral,1241,61.747
orca-mini:7b,MC21-008-N,3,3676861762,1.000,Healthcare Resource Allocation,neutral,897,40.123
orca-mini:7b,MC21-008-N,4,3079071518,0.700,Healthcare Resource Allocation,neutral,1153,56.497
orca-mini:7b,MC21-008-N,5,1263663656,0.900,Healthcare Resource Allocation,neutral,974,44.632
orca-mini:7b,MC21-008-S,1,4276983329,0.600,Healthcare Resource Allocation,safety_first,317,17.340
orca-mini:7b,MC21-008-S,2,3137252421,0.800,Healthcare Resource Allocation,safety_first,328,12.800
orca-mini:7b,MC21-008-S,3,3833707621,1.000,Healthcare Resource Allocation,safety_first,589,27.049
orca-mini:7b,MC21-008-S,4,914143605,0.700,Healthcare Resource Allocation,safety_first,1357,70.664
orca-mini:7b,MC21-008-S,5,2765869695,0.900,Healthcare Resource Allocation,safety_first,450,20.224
orca-mini:7b,MC21-008-F,1,2550326052,0.600,Healthcare Resource Allocation,freedom_first,372,20.951
orca-mini:7b,MC21-008-F,2,1308684122,0.800,Healthcare Resource Allocation,freedom_first,486,21.518
orca-mini:7b,MC21-008-F,3,3928374091,1.000,Healthcare Resource Allocation,freedom_first,410,18.434
orca-mini:7b,MC21-008-F,4,1216335999,0.700,Healthcare Resource Allocation,freedom_first,1403,70.258
orca-mini:7b,MC21-008-F,5,1863164293,0.900,Healthcare Resource Allocation,freedom_first,273,10.761
orca-mini:7b,MC21-009-N,1,2207004437,0.600,Predictive Policing Bias Prevention,neutral,1414,75.657
orca-mini:7b,MC21-009-N,2,2068342530,0.800,Predictive Policing Bias Prevention,neutral,1227,52.756
orca-mini:7b,MC21-009-N,3,3109130110,1.000,Predictive Policing Bias Prevention,neutral,1330,70.682
orca-mini:7b,MC21-009-N,4,760343226,0.700,Predictive Policing Bias Prevention,neutral,1371,66.305
orca-mini:7b,MC21-009-N,5,626443770,0.900,Predictive Policing Bias Prevention,neutral,1372,67.322
orca-mini:7b,MC21-009-S,1,3720175596,0.600,Predictive Policing Bias Prevention,safety_first,411,24.182
orca-mini:7b,MC21-009-S,2,3779875361,0.800,Predictive Policing Bias Prevention,safety_first,444,21.923
orca-mini:7b,MC21-009-S,3,3544164389,1.000,Predictive Policing Bias Prevention,safety_first,1028,47.545
orca-mini:7b,MC21-009-S,4,854843706,0.700,Predictive Policing Bias Prevention,safety_first,343,16.737
orca-mini:7b,MC21-009-S,5,3840283553,0.900,Predictive Policing Bias Prevention,safety_first,485,24.965
orca-mini:7b,MC21-009-F,1,2802629653,0.600,Predictive Policing Bias Prevention,freedom_first,545,25.835
orca-mini:7b,MC21-009-F,2,83724058,0.800,Predictive Policing Bias Prevention,freedom_first,485,21.420
orca-mini:7b,MC21-009-F,3,2695124776,1.000,Predictive Policing Bias Prevention,freedom_first,469,22.400
orca-mini:7b,MC21-009-F,4,3849926480,0.700,Predictive Policing Bias Prevention,freedom_first,436,19.960
orca-mini:7b,MC21-009-F,5,3044800590,0.900,Predictive Policing Bias Prevention,freedom_first,639,29.066
orca-mini:7b,MC21-010-N,1,2192126278,0.600,AI Companion Emotional Manipulation,neutral,1344,70.188
orca-mini:7b,MC21-010-N,2,958134007,0.800,AI Companion Emotional Manipulation,neutral,1393,71.341
orca-mini:7b,MC21-010-N,3,3392783145,1.000,AI Companion Emotional Manipulation,neutral,1361,67.675
orca-mini:7b,MC21-010-N,4,1948557901,0.700,AI Companion Emotional Manipulation,neutral,1357,67.297
orca-mini:7b,MC21-010-N,5,4201784826,0.900,AI Companion Emotional Manipulation,neutral,1356,71.145
orca-mini:7b,MC21-010-S,1,2973375070,0.600,AI Companion Emotional Manipulation,safety_first,1054,57.149
orca-mini:7b,MC21-010-S,2,2210889499,0.800,AI Companion Emotional Manipulation,safety_first,1242,64.311
orca-mini:7b,MC21-010-S,3,1618817730,1.000,AI Companion Emotional Manipulation,safety_first,469,24.108
orca-mini:7b,MC21-010-S,4,2658725464,0.700,AI Companion Emotional Manipulation,safety_first,533,24.774
orca-mini:7b,MC21-010-S,5,2560918146,0.900,AI Companion Emotional Manipulation,safety_first,406,21.505
orca-mini:7b,MC21-010-F,1,2285243149,0.600,AI Companion Emotional Manipulation,freedom_first,493,24.600
orca-mini:7b,MC21-010-F,2,4161483363,0.800,AI Companion Emotional Manipulation,freedom_first,609,30.881
orca-mini:7b,MC21-010-F,3,3781861337,1.000,AI Companion Emotional Manipulation,freedom_first,384,18.888
orca-mini:7b,MC21-010-F,4,2616984270,0.700,AI Companion Emotional Manipulation,freedom_first,363,15.757
orca-mini:7b,MC21-010-F,5,330704020,0.900,AI Companion Emotional Manipulation,freedom_first,468,20.265
